Site,Round,Date,Depth (m),Temp (C),DO %,DO (mg/L),Specific Conductivity (uS/cm),pH,Turbidity (NTU),PAR (AMB),PAR (UW)
1,1,6/22/21,above,NA,NA,NA,NA,NA,NA,742.4,651.5
1,1,6/22/21,0.1,16.5,106.2,10.1,113.0,7.9,2.6,741.2,422.9
1,1,6/22/21,0.5,16.5,106.3,10.1,113.0,7.9,2.5,739.0,304.3
1,1,6/22/21,1.0,16.5,106.3,10.1,113.0,7.9,2.5,741.9,190.4
1,1,6/22/21,2.0,16.4,106.0,10.1,113.0,7.9,2.6,735.0,110.3
1,1,6/22/21,3.0,16.2,105.9,10.1,113.0,7.8,2.6,730.0,50.2
1,1,6/22/21,4.0,16.0,105.4,10.1,114.4,7.8,2.7,726.4,24.1
1,1,6/22/21,5.0,15.7,104.7,10.1,115.1,7.7,5.8,715.8,10.7
1,1,6/22/21,6.0,15.6,103.6,10.0,115.8,7.7,6.3,711.8,4.6
1,2,7/9/21,above,NA,NA,NA,NA,NA,NA,1944.8,2475.1
1,2,7/9/21,0.1,19.0,105.3,9.6,109.8,8.1,4.1,1926.0,1644.1
1,2,7/9/21,0.5,18.9,105.5,9.6,109.4,8.0,3.7,1923.2,1245.3
1,2,7/9/21,1.0,18.8,105.3,9.6,109.4,8.0,3.5,1925.6,710.5
1,2,7/9/21,2.0,17.8,103.8,9.7,110.7,7.9,14.1,1927.2,357.1
1,2,7/9/21,3.0,17.7,103.0,9.6,111.5,7.9,21.1,1927.4,47.0
1,2,7/9/21,4.0,17.2,101.7,9.6,111.6,7.9,22.2,1935.8,5.5
1,2,7/9/21,5.0,17.2,99.7,9.4,113.4,7.9,34.0,1935.4,0.5
1,4,8/10/21,above,NA,NA,NA,NA,NA,NA,1684.1,1798.2
1,4,8/10/21,0.1,21.9,104.4,8.8,108.5,8.7,6.1,1687.4,1842.0
1,4,8/10/21,0.5,21.7,103.0,8.8,108.6,8.2,6.9,1692.8,1108.3
1,4,8/10/21,1.0,20.8,102.5,8.9,108.5,8.0,7.2,1711.0,515.4
1,4,8/10/21,2.0,20.3,101.7,8.9,108.2,7.9,6.0,1695.7,190.2
1,4,8/10/21,3.0,19.8,101.1,8.9,107.2,7.8,3.9,1663.6,111.0
1,4,8/10/21,4.0,19.7,99.0,8.8,108.3,7.8,6.1,1628.3,92.5
1,4,8/10/21,5.0,19.5,97.6,8.7,108.6,7.7,6.4,1623.6,14.1
1,4,8/10/21,6.0,19.4,97.0,8.6,108.8,7.7,9.8,1653.3,7.2
1,5,8/23/21,above,NA,NA,NA,NA,NA,NA,1698.8,2159.2
1,5,8/23/21,0.1,19.5,104.9,9.4,107.6,7.9,3.8,1692.3,1243.2
1,5,8/23/21,0.5,19.4,105.6,9.4,108.4,7.9,3.5,1699.8,1049.8
1,5,8/23/21,1.0,19.4,105.1,9.4,108.4,7.8,2.5,1710.4,1358.4
1,5,8/23/21,2.0,19.2,104.7,9.4,108.3,7.8,1.5,1698.7,916.8
1,5,8/23/21,3.0,19.0,104.8,9.4,108.3,7.7,1.2,1623.0,632.3
1,5,8/23/21,4.0,18.0,105.4,9.7,108.0,7.5,1.1,1647.5,431.8
1,5,8/23/21,5.0,17.7,105.6,9.7,107.9,7.5,1.1,1656.2,235.7
1,5,8/23/21,5.5,NA,NA,NA,NA,NA,NA,1685.4,163.0
2,1,6/22/21,above,NA,NA,NA,NA,NA,NA,2169.9,2903.5
2,1,6/22/21,0.1,16.7,105.9,10.0,112.4,7.8,3.0,2153.2,1875.2
2,1,6/22/21,0.5,16.7,105.6,10.0,112.4,7.8,2.9,2162.7,1291.5
2,1,6/22/21,1.0,16.7,105.5,10.0,112.4,7.7,2.9,2156.4,944.7
2,1,6/22/21,2.0,16.6,105.4,10.0,112.6,7.6,3.4,2148.7,404.7
2,1,6/22/21,3.0,16.2,104.2,10.0,113.9,7.5,6.0,2139.1,154.9
2,1,6/22/21,4.0,15.8,102.9,9.9,113.3,7.4,6.2,2139.3,55.1
2,1,6/22/21,5.0,15.7,102.7,9.9,112.7,7.4,5.9,2148.2,21.0
2,1,6/22/21,6.0,15.7,102.6,9.9,112.3,7.4,5.4,2159.6,20.4
2,1,6/22/21,7.0,15.6,101.5,9.8,113.4,7.3,6.6,2146.5,18.0
2,2,7/9/21,above,NA,NA,NA,NA,NA,NA,1884.0,2134.1
2,2,7/9/21,0.1,18.8,106.2,9.7,108.6,8.0,4.2,1876.4,1802.5
2,2,7/9/21,0.5,18.7,106.7,9.7,108.5,7.9,4.3,1881.6,1387.4
2,2,7/9/21,1.0,18.6,106.4,9.7,108.5,7.9,3.0,1877.1,1122.6
2,2,7/9/21,2.0,18.5,105.4,9.7,108.9,7.9,4.6,1872.5,577.0
2,2,7/9/21,3.0,17.6,104.8,9.8,108.5,7.8,4.4,1870.7,229.2
2,2,7/9/21,4.0,17.4,104.7,9.8,108.6,7.8,4.8,1874.5,97.3
2,2,7/9/21,5.0,17.2,104.5,9.8,108.8,7.8,5.3,1890.0,41.0
2,2,7/9/21,6.0,17.2,104.0,9.8,108.6,7.8,3.7,1883.0,20.4
2,4,8/10/21,above,NA,NA,NA,NA,NA,NA,1613.9,696.7
2,4,8/10/21,0.1,20.8,103.5,9.0,107.0,8.4,4.1,1616.2,947.8
2,4,8/10/21,0.5,20.8,103.5,9.0,107.0,8.3,4.1,1695.8,544.1
2,4,8/10/21,1.0,20.8,103.5,9.0,107.0,8.2,3.9,1579.1,375.9
2,4,8/10/21,2.0,19.8,101.4,9.0,106.3,7.9,1.4,1671.6,227.4
2,4,8/10/21,3.0,19.7,101.2,8.9,106.2,7.8,1.2,1760.8,165.1
2,4,8/10/21,4.0,19.7,101.0,8.9,106.0,7.8,1.1,1808.8,128.2
2,4,8/10/21,5.0,19.6,101.0,8.9,106.0,7.8,1.1,1742.1,93.0
2,4,8/10/21,6.0,19.6,100.9,8.9,106.1,7.8,1.3,1778.1,70.4
2,4,8/10/21,7.0,19.6,100.6,8.9,106.2,7.8,1.5,1638.2,51.9
2,4,8/10/21,8.0,19.6,100.3,8.9,106.3,7.8,3.9,1578.8,35.8
2,4,8/10/21,8.5,NA,NA,NA,NA,NA,NA,1499.6,20.9
2,5,8/23/21,above,NA,NA,NA,NA,NA,NA,1830.0,1648.3
2,5,8/23/21,0.1,20.0,104.7,9.2,106.8,8.0,2.2,1846.2,1804.9
2,5,8/23/21,0.5,20.0,104.1,9.2,106.8,7.9,2.2,1781.4,1156.0
2,5,8/23/21,1.0,20.0,103.8,9.2,106.8,7.9,2.2,1731.8,1121.6
2,5,8/23/21,2.0,20.0,103.8,9.2,106.8,7.9,2.2,1712.8,784.2
2,5,8/23/21,3.0,19.8,103.6,9.2,106.7,7.9,2.1,1715.6,382.4
2,5,8/23/21,4.0,NA,NA,NA,NA,NA,NA,1706.6,216.2
2,5,8/23/21,5.0,NA,NA,NA,NA,NA,NA,1723.3,97.0
2,5,8/23/21,6.0,NA,NA,NA,NA,NA,NA,1669.4,50.7
2,5,8/23/21,7.0,NA,NA,NA,NA,NA,NA,1700.0,25.9
2,5,8/23/21,8.0,NA,NA,NA,NA,NA,NA,1737.6,13.7
3,1,6/22/21,above,NA,NA,NA,NA,NA,NA,2335.1,3178.3
3,1,6/22/21,0.1,16.8,106.7,10.1,108.4,7.8,2.3,2345.4,2120.7
3,1,6/22/21,0.5,16.7,106.6,10.1,108.4,7.8,2.4,2349.5,1985.1
3,1,6/22/21,1.0,16.7,106.5,10.1,108.5,7.8,2.5,2364.4,1045.8
3,1,6/22/21,2.0,16.0,104.7,10.1,110.0,7.7,9.1,2396.7,455.4
3,1,6/22/21,3.0,15.9,103.4,9.9,111.8,7.7,21.2,1389.8,64.7
3,2,7/9/21,above,NA,NA,NA,NA,NA,NA,1802.9,2467.7
3,2,7/9/21,0.1,18.8,106.2,9.7,108.7,8.0,4.0,1803.4,1578.6
3,2,7/9/21,0.5,18.6,106.3,9.7,108.7,7.9,4.2,1788.7,1340.1
3,2,7/9/21,1.0,18.5,105.7,9.7,108.7,7.9,4.4,1792.6,1152.0
3,2,7/9/21,2.0,17.9,104.3,9.8,108.6,7.9,4.6,1801.5,565.6
3,2,7/9/21,3.0,17.6,104.3,9.8,108.7,7.9,4.8,1826.1,293.3
3,4,8/10/21,above,NA,NA,NA,NA,NA,NA,1728.4,1607.1
3,4,8/10/21,0.1,20.3,103.5,9.1,105.9,8.6,2.5,1660.9,1702.6
3,4,8/10/21,0.5,20.2,103.7,9.1,106.0,8.4,2.4,1703.6,1606.2
3,4,8/10/21,1.0,20.2,103.8,9.1,106.0,8.3,2.6,1724.0,400.4
3,4,8/10/21,2.0,20.1,103.4,9.1,105.8,8.1,2.0,1697.0,285.4
3,4,8/10/21,3.0,19.9,103.3,9.1,105.9,8.0,2.3,1579.3,139.6
3,4,8/10/21,3.5,19.8,105.8,9.4,106.1,8.0,3.4,1686.0,120.9
3,5,8/23/21,above,NA,NA,NA,NA,NA,NA,1665.9,2074.5
3,5,8/23/21,0.1,19.9,103.1,9.1,106.7,8.2,3.2,1744.6,478.3
3,5,8/23/21,0.5,19.9,103.3,9.1,106.7,8.2,3.3,1572.9,1657.5
3,5,8/23/21,1.0,19.9,103.3,9.1,106.7,8.2,3.3,1695.4,950.1
3,5,8/23/21,2.0,19.9,103.3,9.1,106.7,8.2,3.3,1671.9,508.5
3,5,8/23/21,3.0,19.8,103.3,9.2,106.7,8.1,3.3,1650.0,303.6
3,5,8/23/21,4.0,18.4,108.4,9.5,106.2,8.0,3.7,1709.6,168.9
4,1,6/22/21,above,NA,NA,NA,NA,NA,NA,1870.9,2588.4
4,1,6/22/21,0.1,17.3,105.8,9.9,110.7,8.3,5.7,1890.3,1694.0
4,1,6/22/21,0.5,17.2,105.2,9.9,110.7,8.0,6.0,1861.2,1269.3
4,1,6/22/21,1.0,16.8,104.6,9.9,110.9,7.9,8.2,1883.9,973.6
4,1,6/22/21,2.0,16.3,104.1,10.0,110.6,7.8,6.7,1886.1,214.1
4,1,6/22/21,3.0,16.1,103.3,9.9,110.9,7.8,8.0,1881.7,99.5
4,1,6/22/21,4.0,16.0,102.0,9.8,112.8,7.9,20.6,1908.1,19.2
4,2,7/9/21,above,NA,NA,NA,NA,NA,NA,1552.9,2360.2
4,2,7/9/21,0.1,18.3,105.4,9.7,108.6,8.1,2.2,1547.8,1750.5
4,2,7/9/21,0.5,18.2,105.1,9.7,108.6,8.0,2.2,1548.1,1267.6
4,2,7/9/21,1.0,18.0,104.7,9.7,108.7,8.0,2.6,1558.8,826.9
4,2,7/9/21,2.0,17.7,104.0,9.7,109.0,8.0,3.5,1550.5,583.3
4,2,7/9/21,3.0,17.6,103.9,9.7,109.2,8.0,3.9,1553.9,175.0
4,2,7/9/21,4.0,17.4,103.3,9.7,109.6,8.0,4.8,1546.9,69.7
4,4,8/10/21,above,NA,NA,NA,NA,NA,NA,401.6,329.3
4,4,8/10/21,0.1,19.8,102.7,9.1,106.3,7.9,2.9,457.3,270.5
4,4,8/10/21,0.5,19.8,102.7,9.1,106.3,7.8,2.9,484.4,209.3
4,4,8/10/21,1.0,19.8,102.7,9.1,106.3,7.8,2.2,527.7,161.3
4,4,8/10/21,2.0,19.7,102.6,9.1,106.1,7.7,2.5,554.7,122.4
4,4,8/10/21,3.0,19.6,102.5,9.1,105.9,7.6,2.5,560.6,64.2
4,4,8/10/21,4.0,19.5,102.4,9.1,106.0,7.6,2.7,554.5,43.2
4,4,8/10/21,5.0,NA,NA,NA,NA,NA,NA,495.0,24.3
4,5,8/23/21,above,NA,NA,NA,NA,NA,NA,1637.7,2381.9
4,5,8/23/21,0.1,20.2,103.2,9.1,106.5,8.4,2.3,1689.8,1617.4
4,5,8/23/21,0.5,20.2,103.1,9.1,106.6,8.4,2.3,1665.2,1555.3
4,5,8/23/21,1.0,20.2,103.1,9.1,106.6,8.3,2.2,1614.4,1125.3
4,5,8/23/21,2.0,20.2,103.1,9.1,106.6,8.2,2.2,1616.7,737.3
4,5,8/23/21,3.0,20.1,103.1,9.1,106.6,8.1,2.1,1591.9,421.1
4,5,8/23/21,4.0,19.1,103.1,9.3,106.3,7.8,2.2,1682.9,221.0
4,5,8/23/21,4.5,18.3,104.8,9.5,106.5,7.8,2.4,1623.5,150.7
5,1,6/22/21,above,NA,NA,NA,NA,NA,NA,1793.7,2267.6
5,1,6/22/21,0.1,16.5,104.6,10.0,110.1,8.0,2.5,1774.1,1299.5
5,1,6/22/21,0.5,16.5,104.6,9.9,110.0,8.0,2.5,1776.5,1489.8
5,1,6/22/21,1.0,16.5,104.6,10.0,110.1,7.9,2.6,1813.1,799.0
5,1,6/22/21,2.0,16.2,104.0,10.0,110.2,7.8,2.9,1807.2,349.9
5,1,6/22/21,3.0,16.1,103.6,9.9,110.3,7.8,3.0,1782.3,169.0
5,1,6/22/21,4.0,16.0,103.6,10.0,110.2,7.8,2.9,1816.2,73.9
5,2,7/9/21,above,NA,NA,NA,NA,NA,NA,1486.1,1901.0
5,2,7/9/21,0.1,18.0,104.0,9.6,109.4,8.0,3.0,1459.3,1104.0
5,2,7/9/21,0.5,17.7,103.7,9.7,109.3,7.9,3.0,1477.6,199.9
5,2,7/9/21,1.0,17.6,103.5,9.7,109.3,7.9,3.1,1473.8,253.3
5,2,7/9/21,2.0,17.5,103.3,9.7,109.4,7.9,3.6,1483.5,146.4
5,2,7/9/21,3.0,17.2,102.8,9.7,109.5,7.8,4.5,1469.7,73.7
5,2,7/9/21,4.0,17.1,102.3,9.7,109.9,7.7,6.4,1505.7,33.7
5,4,8/10/21,above,NA,NA,NA,NA,NA,NA,764.1,870.4
5,4,8/10/21,0.1,20.1,101.9,9.0,107.2,8.6,3.7,700.9,525.3
5,4,8/10/21,0.5,20.1,102.1,9.0,107.2,8.4,3.8,679.1,353.8
5,4,8/10/21,1.0,20.0,102.1,9.0,107.2,8.2,3.9,656.9,228.9
5,4,8/10/21,2.0,20.0,102.0,9.0,107.2,8.1,3.9,643.0,109.3
5,4,8/10/21,3.0,19.5,101.7,9.1,106.2,7.9,3.4,625.4,68.6
5,4,8/10/21,4.0,19.5,101.6,9.0,106.4,7.8,3.6,601.1,35.2
5,4,8/10/21,5.0,19.5,101.5,9.0,106.4,7.8,3.8,565.1,24.9
5,5,8/23/21,above,NA,NA,NA,NA,NA,NA,1582.0,2347.3
5,5,8/23/21,0.1,20.2,103.0,9.1,106.9,8.4,1.6,1542.3,1092.6
5,5,8/23/21,0.5,20.2,103.0,9.1,106.9,8.3,1.5,1546.1,1230.8
5,5,8/23/21,1.0,20.1,103.0,9.1,106.9,8.2,1.5,1509.0,876.2
5,5,8/23/21,2.0,20.1,102.9,9.1,106.9,8.1,1.6,1580.6,478.3
5,5,8/23/21,3.0,20.0,103.0,9.1,107.0,8.1,1.6,1566.9,369.2
5,5,8/23/21,4.0,19.9,102.9,9.1,106.9,8.0,1.7,1560.4,221.1
5,5,8/23/21,5.0,19.6,104.5,9.3,106.8,7.9,2.1,1557.0,190.0
6,1,6/22/21,above,NA,NA,NA,NA,NA,NA,1607.9,2449.6
6,1,6/22/21,0.1,16.4,104.3,9.9,110.0,7.7,2.3,1644.5,1362.1
6,1,6/22/21,0.5,16.3,104.3,10.0,110.0,7.7,2.2,1621.3,1342.0
6,1,6/22/21,1.0,16.3,104.4,10.0,110.0,7.6,2.3,1580.4,478.3
6,1,6/22/21,2.0,16.2,103.8,9.9,110.3,7.6,3.3,1637.9,283.5
6,1,6/22/21,3.0,16.1,103.2,9.9,110.5,7.5,4.4,1559.5,135.0
6,1,6/22/21,4.0,16.0,102.8,9.9,110.6,7.4,4.9,1609.0,51.5
6,1,6/22/21,5.0,NA,NA,NA,NA,NA,NA,1638.1,20.2
6,2,7/9/21,above,NA,NA,NA,NA,NA,NA,1403.7,1752.8
6,2,7/9/21,0.1,17.3,104.3,9.8,108.9,8.1,3.5,1427.8,1220.5
6,2,7/9/21,0.5,17.2,104.1,9.8,108.9,8.1,3.6,1398.6,939.6
6,2,7/9/21,1.0,17.1,103.8,9.8,109.1,8.0,4.2,1387.2,453.1
6,2,7/9/21,2.0,16.9,103.5,9.8,109.3,8.1,4.8,1386.7,179.9
6,2,7/9/21,3.0,16.8,103.5,9.8,109.3,8.0,4.5,1359.0,53.3
6,2,7/9/21,4.0,16.7,103.4,9.9,109.5,8.0,5.0,1340.0,23.8
6,2,7/9/21,5.0,16.4,103.9,10.0,110.1,8.0,5.6,1330.2,11.3
6,4,8/10/21,above,NA,NA,NA,NA,NA,NA,463.1,430.6
6,4,8/10/21,0.1,20.0,101.8,9.0,108.2,8.1,4.7,462.3,300.3
6,4,8/10/21,0.5,20.0,101.7,9.0,108.0,8.0,4.5,461.4,185.8
6,4,8/10/21,1.0,19.9,101.6,9.0,107.5,7.9,4.0,462.8,160.1
6,4,8/10/21,2.0,19.6,101.3,9.0,107.0,7.8,3.8,459.5,106.1
6,4,8/10/21,3.0,19.6,101.2,9.0,108.1,7.7,3.8,457.6,39.6
6,4,8/10/21,4.0,19.6,99.9,8.9,116.5,7.7,4.9,458.4,18.2
6,4,8/10/21,5.0,19.5,98.5,8.7,124.6,7.6,6.6,457.0,10.2
6,4,8/10/21,5.5,NA,NA,NA,NA,NA,NA,453.4,8.1
6,5,8/23/21,above,NA,NA,NA,NA,NA,NA,1154.5,2166.7
6,5,8/23/21,0.1,19.9,102.7,9.1,108.1,8.4,2.8,1250.1,1160.4
6,5,8/23/21,0.5,19.9,102.8,9.1,108.1,8.2,2.2,1144.1,1286.8
6,5,8/23/21,1.0,19.9,102.7,9.1,108.1,8.1,2.1,1140.7,728.6
6,5,8/23/21,2.0,19.9,102.7,9.1,108.1,8.0,2.1,1202.1,340.5
6,5,8/23/21,3.0,19.9,102.7,9.1,108.2,7.9,2.2,1228.3,181.7
6,5,8/23/21,4.0,19.8,102.6,9.1,108.2,7.8,2.1,1126.9,140.8
6,5,8/23/21,5.0,19.6,101.5,9.0,111.2,7.7,3.1,1152.8,65.6
6,5,8/23/21,5.3,19.3,99.1,8.9,118.3,7.6,4.6,1117.2,41.1
7,1,6/22/21,above,NA,NA,NA,NA,NA,NA,1450.0,1558.5
7,1,6/22/21,0.1,16.4,101.6,9.7,117.0,7.2,11.2,1469.8,807.8
7,1,6/22/21,0.5,16.4,101.1,9.6,117.1,7.1,11.5,1526.9,704.9
7,1,6/22/21,1.0,16.3,101.0,9.6,117.2,7.1,11.6,1462.8,267.0
7,1,6/22/21,2.0,16.3,100.9,9.6,117.1,7.1,11.2,1405.3,50.4
7,1,6/22/21,3.0,16.3,100.8,9.6,117.1,7.0,11.3,1401.8,9.9
7,2,7/9/21,above,NA,NA,NA,NA,NA,NA,1119.2,2122.5
7,2,7/9/21,0.1,16.2,103.2,9.9,112.2,8.1,5.0,1169.8,1264.9
7,2,7/9/21,0.5,16.1,103.3,10.0,112.3,8.0,5.0,1154.9,769.3
7,2,7/9/21,1.0,16.0,103.0,10.0,112.5,8.0,5.0,1186.1,219.4
7,2,7/9/21,2.0,15.5,103.6,10.1,111.8,7.8,5.7,1171.8,59.2
7,4,8/10/21,above,NA,NA,NA,NA,NA,NA,273.2,290.2
7,4,8/10/21,0.1,19.9,101.8,9.0,111.7,8.5,5.9,268.1,181.7
7,4,8/10/21,0.5,19.9,101.8,9.0,111.8,8.2,5.8,264.9,119.1
7,4,8/10/21,1.0,19.9,101.8,9.0,111.8,8.1,6.0,253.3,60.4
7,4,8/10/21,2.0,19.8,101.5,9.0,111.0,8.0,6.2,248.2,30.0
7,4,8/10/21,3.0,19.7,101.3,9.0,111.0,7.8,6.2,237.6,15.2
7,5,8/23/21,above,NA,NA,NA,NA,NA,NA,1024.8,1997.6
7,5,8/23/21,0.1,20.0,102.6,9.1,106.8,8.6,1.2,953.0,1220.6
7,5,8/23/21,0.5,20.0,102.6,9.1,106.9,8.3,1.2,982.1,999.3
7,5,8/23/21,1.0,20.0,102.5,9.1,106.6,8.2,1.2,987.9,584.7
7,5,8/23/21,2.0,19.7,102.9,9.2,106.3,8.0,1.1,971.5,388.9
7,5,8/23/21,2.8,19.7,103.2,9.2,106.2,7.8,1.1,1045.1,212.7
8,1,6/23/21,above,NA,NA,NA,NA,NA,NA,1210.3,2256.9
8,1,6/23/21,0.1,16.2,102.4,9.8,111.7,7.5,2.3,1204.8,937.2
8,1,6/23/21,0.5,16.1,102.7,9.8,111.7,7.5,2.0,1284.4,656.8
8,1,6/23/21,1.0,16.1,102.7,9.8,111.7,7.4,2.0,1232.9,436.7
8,1,6/23/21,2.0,16.1,102.6,9.8,111.6,7.4,1.9,1201.9,355.4
8,1,6/23/21,3.0,16.0,102.6,9.8,111.4,7.3,1.7,1242.6,134.8
8,1,6/23/21,4.0,15.6,103.1,10.0,110.9,7.2,1.5,1292.0,68.7
8,1,6/23/21,5.0,15.2,103.4,10.1,110.1,7.1,1.2,1254.3,43.0
8,2,7/8/21,above,NA,NA,NA,NA,NA,NA,1268.6,1712.7
8,2,7/8/21,0.1,10.9,102.9,11.1,105.4,6.9,4.4,1255.2,976.5
8,2,7/8/21,0.5,10.8,102.6,11.1,105.4,6.8,4.8,1253.7,778.1
8,2,7/8/21,1.0,10.3,102.3,11.2,105.4,6.6,7.3,1239.5,329.4
8,2,7/8/21,2.0,8.9,101.9,11.5,104.6,6.4,6.8,1244.0,119.7
8,2,7/8/21,3.0,8.1,101.5,11.8,103.8,6.3,5.6,1266.0,46.1
8,2,7/8/21,4.0,7.9,101.9,11.9,103.7,6.3,5.4,1263.2,18.3
8,4,8/11/21,above,NA,NA,NA,NA,NA,NA,32.8,39.7
8,4,8/11/21,0.1,19.9,102.0,9.0,109.6,8.2,3.9,33.1,21.0
8,4,8/11/21,0.5,19.9,102.0,9.0,109.8,7.8,3.9,33.4,19.8
8,4,8/11/21,1.0,19.9,102.0,9.0,109.8,7.7,4.0,34.1,16.1
8,4,8/11/21,2.0,19.9,102.0,9.0,109.7,7.6,3.9,34.9,7.1
8,4,8/11/21,3.0,19.9,102.0,9.0,109.6,7.5,3.9,34.3,3.1
8,4,8/11/21,4.0,19.9,102.0,9.0,109.6,7.5,3.8,35.9,1.9
8,4,8/11/21,5.0,19.8,102.0,9.0,109.5,7.5,3.8,37.0,1.3
8,5,8/25/21,above,NA,NA,NA,NA,NA,NA,189.3,168.4
8,5,8/25/21,0.1,19.4,101.8,9.2,108.1,8.4,0.7,190.2,111.8
8,5,8/25/21,0.5,19.3,102.0,9.2,108.0,8.4,0.7,191.0,116.8
8,5,8/25/21,1.0,19.0,102.5,9.3,107.9,8.1,0.8,191.6,92.1
8,5,8/25/21,2.0,17.3,104.2,9.8,108.4,7.9,0.9,192.1,67.8
8,5,8/25/21,3.0,17.0,104.6,9.9,107.4,7.8,1.0,192.8,46.2
8,5,8/25/21,4.0,11.5,107.6,11.5,105.6,7.5,2.1,193.4,38.0
8,5,8/25/21,5.0,9.0,105.9,11.9,105.1,7.3,2.8,193.9,32.2
9,1,6/23/21,above,NA,NA,NA,NA,NA,NA,1517.8,1779.1
9,1,6/23/21,0.1,16.3,103.2,9.8,110.5,7.7,1.0,1511.1,1159.3
9,1,6/23/21,0.5,16.2,103.7,9.9,110.4,7.7,1.0,1427.5,1416.6
9,1,6/23/21,1.0,16.2,103.7,9.9,110.4,7.7,1.1,1394.4,1046.8
9,1,6/23/21,2.0,16.1,103.6,9.9,110.4,7.7,1.2,1459.7,546.0
9,1,6/23/21,3.0,16.0,103.7,9.9,110.3,7.7,1.1,1419.2,322.4
9,1,6/23/21,4.0,15.6,103.5,10.0,109.8,7.6,1.1,1518.0,164.3
9,1,6/23/21,5.0,15.4,104.3,10.1,109.0,7.5,1.1,1435.9,77.2
9,1,6/23/21,6.0,14.8,104.2,10.2,108.7,7.5,0.8,1445.1,56.4
9,1,6/23/21,7.0,14.3,103.8,10.3,108.0,7.4,0.8,1545.4,36.3
9,2,7/8/21,above,NA,NA,NA,NA,NA,NA,1309.1,1811.7
9,2,7/8/21,0.1,6.6,102.9,12.3,102.9,7.4,2.0,1307.3,1208.4
9,2,7/8/21,0.5,6.6,102.4,12.3,102.7,7.3,2.0,1350.4,830.7
9,2,7/8/21,1.0,6.5,102.4,12.3,102.7,7.3,2.0,1375.6,637.0
9,2,7/8/21,2.0,6.0,101.7,12.4,102.0,7.2,1.9,1362.7,417.8
9,2,7/8/21,3.0,5.8,101.7,12.5,101.9,7.1,2.0,1390.1,284.9
9,2,7/8/21,4.0,5.5,101.3,12.5,101.9,7.0,2.0,1359.6,161.4
9,2,7/8/21,5.0,4.9,100.7,12.6,101.8,6.9,2.0,1390.2,97.5
9,2,7/8/21,6.0,4.9,100.3,12.6,101.7,6.9,2.3,1430.4,70.4
9,2,7/8/21,7.0,4.7,100.4,12.6,101.7,6.8,2.3,1422.7,45.4
9,4,8/11/21,above,NA,NA,NA,NA,NA,NA,148.1,157.8
9,4,8/11/21,0.1,19.2,104.3,9.3,107.0,8.1,1.4,147.3,89.5
9,4,8/11/21,0.5,19.2,104.3,9.3,107.0,8.0,1.4,145.2,66.8
9,4,8/11/21,1.0,19.2,104.9,9.3,107.0,7.9,1.5,143.8,63.9
9,4,8/11/21,2.0,19.2,104.3,9.3,107.0,7.8,1.5,142.2,47.1
9,4,8/11/21,3.0,19.2,104.3,9.3,107.1,7.8,1.5,139.5,26.3
9,4,8/11/21,4.0,19.2,104.3,9.3,107.1,7.7,1.5,138.6,18.5
9,4,8/11/21,5.0,19.2,104.3,9.3,107.1,7.7,1.5,134.9,14.3
9,4,8/11/21,6.0,19.2,104.3,9.3,107.2,7.6,1.5,134.9,10.0
9,4,8/11/21,7.0,19.1,104.1,9.3,107.2,7.6,1.5,134.4,6.9
9,4,8/11/21,7.5,NA,NA,NA,NA,NA,NA,133.8,3.9
9,5,8/25/21,above,NA,NA,NA,NA,NA,NA,298.5,240.1
9,5,8/25/21,0.1,16.5,105.5,10.1,106.3,8.4,0.3,298.6,180.7
9,5,8/25/21,0.5,16.5,105.4,10.1,106.3,8.3,0.3,300.4,163.9
9,5,8/25/21,1.0,16.4,105.4,10.1,106.3,8.2,0.3,301.5,153.3
9,5,8/25/21,2.0,10.2,107.7,11.8,105.7,7.7,2.0,302.9,127.1
9,5,8/25/21,3.0,7.5,103.7,12.2,104.9,7.3,2.1,304.2,92.3
9,5,8/25/21,4.0,7.0,102.5,12.2,105.0,7.2,1.8,311.3,70.3
9,5,8/25/21,5.0,6.7,101.8,12.2,105.0,7.1,0.9,316.2,55.6
9,5,8/25/21,6.0,6.6,101.7,12.2,105.0,7.1,1.0,320.7,45.6
10,1,6/23/21,above,NA,NA,NA,NA,NA,NA,1629.8,1683.5
10,1,6/23/21,0.1,15.8,105.0,10.1,109.5,7.8,0.9,1600.8,1465.1
10,1,6/23/21,0.5,15.8,104.9,10.1,109.5,7.8,0.9,1589.3,1481.3
10,1,6/23/21,1.0,15.7,104.9,10.1,109.5,7.8,0.8,1605.8,895.3
10,1,6/23/21,2.0,15.6,104.8,10.1,109.4,7.8,0.8,1594.3,404.5
10,1,6/23/21,3.0,15.1,104.9,10.2,108.8,7.7,0.8,1621.5,174.7
10,1,6/23/21,4.0,15.1,104.9,10.2,108.9,7.7,0.8,1565.0,117.5
10,1,6/23/21,5.0,15.0,104.6,10.2,108.9,7.8,0.8,1599.0,65.2
10,1,6/23/21,6.0,15.0,104.4,10.2,108.8,7.8,0.8,1593.4,39.2
10,2,7/8/21,above,NA,NA,NA,NA,NA,NA,1318.8,1851.1
10,2,7/8/21,0.1,7.8,104.4,12.2,102.4,7.6,1.6,1362.9,1167.2
10,2,7/8/21,0.5,7.5,103.9,12.2,102.5,7.5,1.6,1347.7,954.1
10,2,7/8/21,1.0,6.6,102.8,12.3,102.3,7.4,1.6,1354.2,679.3
10,2,7/8/21,2.0,5.8,101.8,12.5,102.1,7.3,1.8,1361.3,478.3
10,2,7/8/21,3.0,5.7,101.4,12.5,102.1,7.3,1.9,1295.2,195.9
10,2,7/8/21,4.0,5.4,101.3,12.5,102.0,7.3,1.7,1227.6,127.4
10,2,7/8/21,5.0,5.4,101.4,12.5,102.0,7.3,1.8,1144.3,83.0
10,2,7/8/21,6.0,5.4,101.4,12.6,102.0,7.3,1.8,1188.8,57.8
10,4,8/11/21,above,NA,NA,NA,NA,NA,NA,516.2,477.8
10,4,8/11/21,0.1,19.0,104.9,9.3,107.0,8.3,1.2,760.0,350.0
10,4,8/11/21,0.5,19.0,104.6,9.3,107.0,8.0,1.2,924.0,241.8
10,4,8/11/21,1.0,19.0,104.6,9.3,107.0,7.9,1.2,1061.0,166.0
10,4,8/11/21,2.0,19.0,104.6,9.3,107.0,7.8,1.2,861.5,121.5
10,4,8/11/21,3.0,19.0,104.6,9.3,107.0,7.7,1.3,840.6,94.5
10,4,8/11/21,4.0,19.0,104.6,9.4,107.2,7.7,1.4,863.4,79.5
10,4,8/11/21,5.0,19.0,104.6,9.4,107.3,7.7,1.5,1229.7,78.3
10,4,8/11/21,6.0,19.0,104.4,9.3,107.8,7.6,1.7,1228.5,64.8
10,4,8/11/21,6.5,18.8,103.6,9.3,108.1,7.6,1.8,1266.0,57.7
10,5,8/25/21,above,NA,NA,NA,NA,NA,NA,343.8,237.7
10,5,8/25/21,0.1,18.0,104.9,9.7,106.2,8.1,0.1,343.6,265.6
10,5,8/25/21,0.5,18.0,105.2,9.8,106.2,8.3,0.1,343.7,152.0
10,5,8/25/21,1.0,18.0,105.2,9.8,106.2,8.4,0.1,342.0,130.8
10,5,8/25/21,2.0,18.0,105.2,9.8,106.2,8.4,0.1,341.4,107.1
10,5,8/25/21,3.0,18.0,105.3,9.8,106.2,8.4,0.1,343.6,114.8
10,5,8/25/21,4.0,17.7,105.0,9.8,106.4,8.5,0.2,344.0,99.8
10,5,8/25/21,5.0,17.4,105.4,9.9,106.5,8.4,0.2,345.9,89.8
10,5,8/25/21,6.0,16.5,104.9,10.0,106.6,8.3,0.4,351.1,71.9
11,1,6/23/21,above,NA,NA,NA,NA,NA,NA,1679.5,2348.5
11,1,6/23/21,0.1,16.1,105.4,10.1,109.5,7.8,0.8,1664.7,132.6
11,1,6/23/21,0.5,16.1,105.2,10.1,109.5,7.8,0.8,1699.6,118.3
11,1,6/23/21,1.0,16.0,105.3,10.1,109.6,7.8,0.9,1721.1,643.6
11,1,6/23/21,2.0,15.7,105.0,10.1,109.4,7.7,0.9,1685.7,197.8
11,1,6/23/21,3.0,15.1,105.0,10.2,108.8,7.6,0.9,1642.5,153.5
11,1,6/23/21,4.0,15.0,104.9,10.3,108.6,7.6,0.9,1504.8,116.1
11,1,6/23/21,5.0,14.8,105.1,10.3,108.4,7.6,0.9,1713.3,81.1
11,1,6/23/21,6.0,14.8,105.1,10.3,108.4,7.6,0.9,1480.1,51.5
11,1,6/23/21,7.0,14.8,105.1,10.3,108.4,7.6,0.9,1637.6,32.0
11,2,7/8/21,above,NA,NA,NA,NA,NA,NA,1363.7,2141.9
11,2,7/8/21,0.1,8.0,103.0,12.2,102.4,7.5,2.6,1315.8,1237.1
11,2,7/8/21,0.5,6.8,103.6,12.4,101.9,7.4,2.0,1412.8,1121.4
11,2,7/8/21,1.0,6.4,103.4,12.5,101.9,7.4,1.6,1365.2,880.6
11,2,7/8/21,2.0,5.3,101.7,12.6,101.6,7.3,1.6,1277.1,564.4
11,2,7/8/21,3.0,5.0,101.1,12.7,101.6,7.3,1.6,1309.7,312.1
11,2,7/8/21,4.0,4.7,100.8,12.7,101.7,7.3,1.6,1307.2,241.0
11,2,7/8/21,5.0,4.5,100.6,12.7,101.6,7.3,1.6,1225.3,154.9
11,2,7/8/21,6.0,4.4,100.4,12.7,101.6,7.3,1.6,1280.3,98.5
11,2,7/8/21,7.0,4.4,100.4,12.7,101.6,7.3,1.6,1311.2,81.5
11,4,8/11/21,above,NA,NA,NA,NA,NA,NA,721.1,366.1
11,4,8/11/21,0.1,18.7,104.7,9.4,106.3,8.3,0.7,724.9,211.8
11,4,8/11/21,0.5,18.7,104.9,9.5,106.3,8.1,0.8,688.7,178.4
11,4,8/11/21,1.0,18.7,104.9,9.4,106.3,8.0,0.8,719.7,168.1
11,4,8/11/21,2.0,18.7,104.9,9.4,106.4,8.0,0.8,682.4,94.1
11,4,8/11/21,3.0,18.7,104.8,9.4,106.4,7.9,0.8,646.3,74.3
11,4,8/11/21,4.0,18.7,104.8,9.4,106.4,7.9,0.8,658.0,74.7
11,4,8/11/21,5.0,18.7,104.8,9.4,106.3,7.8,0.8,695.3,74.0
11,4,8/11/21,6.0,18.6,104.7,9.4,106.3,7.7,0.7,675.7,59.4
11,4,8/11/21,7.0,18.6,104.6,9.5,106.3,7.7,0.9,768.9,48.1
11,5,8/25/21,above,NA,NA,NA,NA,NA,NA,387.0,319.2
11,5,8/25/21,0.1,18.0,105.1,9.7,105.7,8.6,0.5,384.8,261.8
11,5,8/25/21,0.5,18.0,105.1,9.7,106.3,8.5,0.1,385.2,193.2
11,5,8/25/21,1.0,18.0,105.1,9.7,106.3,8.5,0.1,383.0,155.3
11,5,8/25/21,2.0,18.0,105.1,9.8,106.3,8.4,0.1,383.9,140.3
11,5,8/25/21,3.0,17.7,105.4,9.8,106.3,8.3,0.1,382.2,123.0
11,5,8/25/21,4.0,17.5,105.8,9.9,106.3,8.2,0.1,381.8,109.2
11,5,8/25/21,5.0,17.4,106.1,10.0,106.4,8.1,0.2,382.4,91.3
11,5,8/25/21,6.0,17.1,105.7,10.0,106.4,8.0,0.2,380.5,80.0
11,5,8/25/21,7.0,16.6,106.0,10.1,106.3,7.8,0.3,381.5,66.0
11,5,8/25/21,8.0,10.6,104.0,11.3,107.1,7.5,1.6,379.9,54.6
12,1,6/23/21,above,NA,NA,NA,NA,NA,NA,1879.1,2817.8
12,1,6/23/21,0.1,16.0,105.5,10.1,109.2,7.8,0.9,1895.3,1822.9
12,1,6/23/21,0.5,15.9,105.3,10.1,109.2,7.8,0.7,1872.7,1613.7
12,1,6/23/21,1.0,15.8,105.4,10.1,109.2,7.8,0.8,1865.6,1050.9
12,1,6/23/21,2.0,15.6,105.0,10.2,109.1,7.8,0.8,1868.8,604.7
12,1,6/23/21,3.0,15.4,105.2,10.2,109.0,7.8,0.8,1894.5,373.0
12,1,6/23/21,4.0,15.4,105.4,10.2,109.0,7.8,0.8,1879.6,224.2
12,2,7/8/21,above,NA,NA,NA,NA,NA,NA,1676.1,545.8
12,2,7/8/21,0.1,8.2,105.2,12.1,102.1,7.5,0.6,1789.4,1520.9
12,2,7/8/21,0.5,7.9,104.4,12.2,102.1,7.4,0.6,1835.0,1249.1
12,2,7/8/21,1.0,7.7,104.4,12.2,102.2,7.4,0.6,1803.3,999.3
12,2,7/8/21,2.0,7.6,104.1,12.2,102.1,7.4,0.6,1752.0,782.2
12,2,7/8/21,3.0,6.7,103.2,12.4,102.0,7.3,1.0,1710.6,638.9
12,2,7/8/21,4.0,5.2,101.8,12.7,101.6,7.1,1.1,1699.9,478.3
12,4,7/19/21,above,NA,NA,NA,NA,NA,NA,775.6,777.4
12,4,7/19/21,0.1,19.6,108.1,9.7,103.4,7.7,0.3,783.1,457.4
12,4,7/19/21,0.5,19.6,108.3,9.8,103.5,7.5,0.3,778.9,386.4
12,4,7/19/21,1.0,19.6,108.4,9.8,103.5,7.5,0.3,783.1,375.9
12,4,7/19/21,2.0,19.6,108.4,9.8,103.5,7.5,0.3,773.6,302.2
12,4,7/19/21,3.0,19.5,108.5,9.8,103.5,7.5,0.3,776.2,227.5
12,4,7/19/21,4.0,19.5,108.6,9.8,103.5,7.5,0.3,772.2,200.2
12,5,8/25/21,above,NA,NA,NA,NA,NA,NA,695.5,612.9
12,5,8/25/21,0.1,17.4,103.8,9.8,106.3,8.5,0.2,705.0,456.9
12,5,8/25/21,0.5,17.4,103.8,9.8,106.3,8.3,0.2,701.9,454.2
12,5,8/25/21,1.0,17.3,103.8,9.8,106.3,8.2,0.2,711.1,411.7
12,5,8/25/21,2.0,17.3,103.9,9.8,106.3,8.1,0.2,710.0,336.0
12,5,8/25/21,3.0,17.3,103.8,9.8,106.3,8.0,0.2,710.3,254.2
12,5,8/25/21,4.0,15.8,105.6,10.2,106.0,7.8,0.2,722.5,205.0
13,1,6/23/21,above,NA,NA,NA,NA,NA,NA,1935.0,2670.3
13,1,6/23/21,0.1,14.7,107.0,10.5,106.9,7.7,2.6,1936.7,1929.0
13,1,6/23/21,0.5,14.6,107.4,10.6,106.9,7.7,1.0,1930.5,1388.6
13,1,6/23/21,1.0,14.5,107.2,10.6,106.9,7.7,0.8,1936.5,892.5
13,1,6/23/21,2.0,13.8,106.6,10.7,106.9,7.7,0.9,1943.3,646.9
13,1,6/23/21,3.0,12.8,106.2,10.9,106.4,7.6,1.1,1943.9,478.3
13,1,6/23/21,4.0,12.0,106.6,11.2,106.0,7.5,1.0,1940.9,301.6
13,1,6/23/21,5.0,10.4,107.5,11.7,105.0,7.4,1.2,1904.7,240.0
13,1,6/23/21,6.0,NA,NA,NA,NA,NA,NA,1898.9,132.9
13,2,7/8/21,above,NA,NA,NA,NA,NA,NA,1913.8,2781.2
13,2,7/8/21,0.1,12.9,107.6,11.1,104.1,7.8,0.6,1902.6,2119.3
13,2,7/8/21,0.5,12.8,107.9,11.2,104.0,7.8,0.7,1896.7,1320.1
13,2,7/8/21,1.0,12.8,108.0,11.2,104.0,7.8,0.8,1909.2,1264.4
13,2,7/8/21,2.0,12.5,107.7,11.3,104.1,7.7,0.9,1891.6,627.8
13,2,7/8/21,3.0,8.8,107.2,12.2,102.5,7.3,1.4,1878.8,542.5
13,2,7/8/21,4.0,8.8,107.0,12.2,102.3,7.3,1.6,1886.3,389.8
13,3,7/19/21,above,NA,NA,NA,NA,NA,NA,1062.4,1095.4
13,3,7/19/21,0.1,20.9,108.8,9.6,107.3,8.1,0.5,1060.7,825.5
13,3,7/19/21,0.5,20.9,108.9,9.6,107.2,8.1,0.5,1059.0,576.6
13,3,7/19/21,1.0,20.8,109.0,9.6,107.2,8.1,0.5,1070.7,478.3
13,3,7/19/21,2.0,19.6,111.3,10.0,105.3,7.9,0.5,1075.4,357.7
13,3,7/19/21,3.0,18.4,112.2,10.0,104.8,7.8,0.5,1071.4,269.6
13,3,7/19/21,4.0,17.7,110.5,10.3,104.8,7.6,0.6,1066.4,208.1
13,3,7/19/21,5.0,17.5,110.8,10.4,104.5,7.6,0.6,1063.4,155.5
13,4,8/11/21,above,NA,NA,NA,NA,NA,NA,1612.2,1883.4
13,4,8/11/21,0.1,16.4,106.1,10.0,106.2,7.9,1.0,1603.6,1403.9
13,4,8/11/21,0.5,16.4,106.5,10.1,106.2,7.8,0.9,1607.4,1386.0
13,4,8/11/21,1.0,16.3,106.5,10.1,106.2,7.8,0.9,1604.7,975.8
13,4,8/11/21,2.0,16.2,106.5,10.1,106.2,7.8,0.9,1615.2,771.9
13,4,8/11/21,3.0,16.2,106.3,10.1,106.2,7.8,1.0,1590.5,443.6
13,4,8/11/21,4.0,15.7,107.1,10.3,106.0,7.7,1.1,1590.6,316.5
13,4,8/11/21,5.0,15.6,107.6,10.3,106.0,7.7,1.1,1567.7,223.5
13,5,8/25/21,above,NA,NA,NA,NA,NA,NA,1720.4,308.8
13,5,8/25/21,0.1,19.6,101.0,9.1,109.2,8.5,0.5,1754.1,2208.4
13,5,8/25/21,0.5,19.6,101.0,9.1,109.3,8.5,0.4,1755.4,1122.6
13,5,8/25/21,1.0,17.3,98.7,9.3,113.2,8.5,1.0,1760.3,961.7
13,5,8/25/21,2.0,11.0,105.1,11.4,105.7,7.5,2.3,1709.1,744.6
13,5,8/25/21,3.0,8.2,103.2,11.9,105.5,7.5,2.5,1699.5,777.0
13,5,8/25/21,4.0,7.8,104.0,12.1,104.8,7.4,2.5,1705.8,538.6
14,1,6/23/21,above,NA,NA,NA,NA,NA,NA,1945.5,2584.0
14,1,6/23/21,0.1,15.4,107.9,10.5,107.6,7.6,1.3,1954.0,1866.6
14,1,6/23/21,0.5,15.4,108.1,10.5,107.7,7.6,0.7,1944.0,1521.6
14,1,6/23/21,1.0,15.4,108.1,10.5,107.7,7.6,0.7,1943.6,839.9
14,1,6/23/21,2.0,15.3,107.8,10.5,107.7,7.6,0.7,1939.2,697.5
14,1,6/23/21,3.0,14.8,107.5,10.6,107.6,7.6,0.8,1936.6,354.1
14,1,6/23/21,4.0,14.7,107.5,10.6,107.6,7.6,0.7,1940.8,379.6
14,1,6/23/21,5.0,14.6,107.4,10.6,107.6,7.7,0.7,1947.8,250.5
14,1,6/23/21,6.0,14.5,107.2,10.6,107.6,7.7,0.8,1923.1,151.6
14,1,6/23/21,7.0,14.5,107.0,10.6,107.6,7.7,0.8,1927.3,122.0
14,1,6/23/21,8.0,14.5,106.9,10.6,107.6,7.7,0.7,1947.7,95.7
14,1,6/23/21,9.0,NA,NA,NA,NA,NA,NA,1951.8,71.1
14,2,7/8/21,above,NA,NA,NA,NA,NA,NA,1870.4,2374.4
14,2,7/8/21,0.1,15.4,105.3,10.3,105.6,7.9,0.7,1875.0,2328.1
14,2,7/8/21,0.5,15.4,105.4,10.3,105.6,7.9,0.7,1852.4,839.6
14,2,7/8/21,1.0,15.4,105.4,10.3,105.6,7.9,0.7,1841.2,1018.7
14,2,7/8/21,2.0,15.3,105.2,10.3,105.5,7.8,0.7,1851.8,796.5
14,2,7/8/21,3.0,14.7,105.8,10.5,105.6,7.6,0.8,1876.8,550.8
14,2,7/8/21,4.0,13.8,108.5,11.0,104.9,7.5,1.1,1872.8,355.5
14,2,7/8/21,5.0,12.2,108.2,11.4,103.7,7.2,1.1,1870.3,298.6
14,2,7/8/21,6.0,11.2,108.4,11.7,103.4,7.2,0.9,1885.9,170.6
14,2,7/8/21,7.0,10.5,107.6,11.8,103.1,7.1,1.0,1891.7,126.9
14,3,7/19/21,above,NA,NA,NA,NA,NA,NA,1093.0,698.4
14,3,7/19/21,0.1,20.9,108.9,9.6,105.7,8.2,0.4,1094.4,539.5
14,3,7/19/21,0.5,20.9,108.9,9.6,105.8,8.2,0.4,1093.9,550.9
14,3,7/19/21,1.0,20.6,109.0,9.6,105.8,8.2,0.4,1095.4,478.3
14,3,7/19/21,2.0,20.4,108.9,9.6,105.8,8.1,0.5,1080.3,407.3
14,3,7/19/21,3.0,20.2,109.0,9.7,105.5,8.0,0.4,1089.4,328.2
14,3,7/19/21,4.0,20.1,109.4,9.8,105.5,7.9,0.5,1089.5,228.4
14,3,7/19/21,5.0,19.9,109.2,9.8,105.8,7.8,0.5,1107.9,174.6
14,3,7/19/21,6.0,19.1,109.9,10.0,104.9,7.7,0.5,1096.9,142.0
14,3,7/19/21,7.0,18.5,110.4,10.2,104.7,7.6,0.5,1076.5,108.8
14,3,7/19/21,8.0,18.2,111.3,10.3,104.5,7.6,0.5,1050.2,80.3
14,4,8/12/21,above,NA,NA,NA,NA,NA,NA,1673.8,2030.7
14,4,8/12/21,0.1,17.4,105.8,9.8,106.0,8.0,0.7,1686.5,1907.7
14,4,8/12/21,0.5,17.4,105.8,9.8,106.0,8.0,0.7,1748.8,1062.6
14,4,8/12/21,1.0,17.4,105.8,9.8,106.0,8.0,0.7,1693.3,1080.4
14,4,8/12/21,2.0,17.3,105.7,9.8,106.0,8.0,0.7,1683.0,770.8
14,4,8/12/21,3.0,17.3,105.8,9.8,106.0,7.9,0.7,1698.9,543.7
14,4,8/12/21,4.0,17.3,105.7,9.8,106.0,7.9,0.7,1756.8,463.3
14,4,8/12/21,5.0,17.2,105.7,9.8,106.0,7.8,0.7,1743.9,355.2
14,4,8/12/21,6.0,17.0,105.8,9.9,105.9,7.8,0.7,1734.3,243.6
14,4,8/12/21,7.0,16.9,106.1,9.9,106.0,7.7,0.8,1762.3,183.9
14,4,8/12/21,8.0,16.9,106.5,10.0,105.9,7.7,0.9,1792.9,136.3
14,4,8/12/21,8.5,NA,NA,NA,NA,NA,NA,1698.7,0.0
14,5,8/25/21,above,NA,NA,NA,NA,NA,NA,1830.2,2638.2
14,5,8/25/21,0.1,20.0,103.4,9.2,107.4,8.3,0.1,1816.3,1471.6
14,5,8/25/21,0.5,19.9,103.4,9.2,107.4,8.4,0.1,1791.2,1454.5
14,5,8/25/21,1.0,19.9,103.6,9.2,107.4,8.5,0.1,1751.3,1812.9
14,5,8/25/21,2.0,19.9,103.4,9.2,107.4,8.6,0.1,1750.5,478.3
14,5,8/25/21,3.0,19.8,103.5,9.3,107.3,8.6,0.1,1741.1,632.4
14,5,8/25/21,4.0,19.8,103.5,9.3,107.3,8.6,0.1,1759.1,533.0
14,5,8/25/21,5.0,19.7,103.4,9.3,107.3,8.5,0.1,1789.7,478.3
14,5,8/25/21,6.0,18.9,105.8,9.6,109.8,8.2,0.7,1809.9,399.7
15,1,6/23/21,above,NA,NA,NA,NA,NA,NA,1965.8,2865.5
15,1,6/23/21,0.1,16.5,109.7,10.4,107.8,7.8,0.5,1969.3,3076.1
15,1,6/23/21,0.5,16.4,109.4,10.4,107.8,7.8,0.6,1961.5,1975.6
15,1,6/23/21,1.0,16.2,109.2,10.4,107.8,7.8,0.5,1954.7,2215.9
15,1,6/23/21,2.0,15.4,108.5,10.5,107.6,7.7,0.6,1967.0,1075.0
15,1,6/23/21,3.0,15.0,108.2,10.6,107.5,7.7,0.6,1945.8,395.7
15,1,6/23/21,4.0,14.7,108.8,10.7,107.4,7.7,0.7,1973.1,311.8
15,1,6/23/21,5.0,NA,NA,NA,NA,NA,NA,1950.3,247.2
15,2,7/8/21,above,NA,NA,NA,NA,NA,NA,1635.7,1889.3
15,2,7/8/21,0.1,14.7,106.0,10.5,105.1,7.5,0.7,1630.6,285.5
15,2,7/8/21,0.5,14.7,106.1,10.5,105.1,7.5,0.8,1655.2,242.0
15,2,7/8/21,1.0,14.7,106.1,10.5,105.1,7.4,0.7,1613.1,195.9
15,2,7/8/21,2.0,14.7,106.1,10.5,105.1,7.4,0.7,1689.6,170.6
15,2,7/8/21,3.0,14.7,106.3,10.6,105.0,7.4,0.7,1663.1,135.0
15,2,7/8/21,4.0,8.8,106.7,12.2,102.6,7.1,2.4,1716.5,182.7
15,3,7/19/21,above,NA,NA,NA,NA,NA,NA,882.5,770.3
15,3,7/19/21,0.1,20.2,108.4,9.6,105.4,8.2,0.4,891.1,565.6
15,3,7/19/21,0.5,20.2,108.5,9.7,105.5,8.0,0.4,893.4,570.4
15,3,7/19/21,1.0,20.2,108.6,9.7,105.5,7.9,0.4,905.8,458.6
15,3,7/19/21,2.0,20.1,108.8,9.7,105.5,7.8,0.4,908.7,311.8
15,3,7/19/21,3.0,20.1,108.7,9.7,105.5,7.8,0.4,924.0,242.3
15,3,7/19/21,4.0,20.0,110.5,9.9,105.4,7.7,0.6,921.2,187.0
15,3,7/19/21,4.5,NA,NA,NA,NA,NA,NA,1061.1,228.5
15,4,8/12/21,above,NA,NA,NA,NA,NA,NA,1783.2,2352.7
15,4,8/12/21,0.1,17.1,106.5,9.9,105.1,7.9,1.2,1867.8,1971.2
15,4,8/12/21,0.5,17.1,106.6,9.9,105.9,7.9,0.7,1752.8,1126.2
15,4,8/12/21,1.0,17.1,106.7,9.9,105.9,7.9,0.7,1794.5,1086.1
15,4,8/12/21,2.0,17.1,106.6,9.9,105.9,7.9,0.7,1771.0,1043.4
15,4,8/12/21,3.0,17.0,106.6,9.9,105.9,7.9,0.7,1826.2,810.4
15,4,8/12/21,4.0,17.0,106.8,10.0,105.9,7.9,0.7,1812.8,478.3
15,4,8/12/21,4.8,17.0,107.1,10.0,105.9,7.9,0.7,1773.4,478.3
15,5,8/25/21,above,NA,NA,NA,NA,NA,NA,1818.3,2543.3
15,5,8/25/21,0.1,19.4,104.6,9.4,106.9,8.7,0.1,1804.7,1370.3
15,5,8/25/21,0.5,19.4,104.6,9.4,106.9,8.5,0.1,1811.1,744.2
15,5,8/25/21,1.0,19.4,104.6,9.4,106.9,8.4,0.1,1782.8,733.0
15,5,8/25/21,2.0,19.4,104.6,9.4,106.9,8.2,0.1,1775.1,710.2
15,5,8/25/21,3.0,19.3,104.8,9.5,106.9,8.1,0.1,1774.8,629.2
15,5,8/25/21,4.0,19.2,104.8,9.5,106.8,8.0,0.1,1728.0,583.9