Sampling Event,Site,Latitude,Longitude,Date,Depth (m),Temp (C),DO %,DO (mg/L),Specific Conductivity (μS/cm),pH (SU),Turbidity (NTU),PAR ,Time at Depth
1,1,46.68592,-91.929726,6/24/25,0.1,16.1,106.1,10.33,119.3,7.92,123.19,,
1,1,46.68592,-91.929726,6/24/25,0.5,16,107.3,10.43,119.5,7.92,123.31,,
1,1,46.68592,-91.929726,6/24/25,1,16.1,104.4,10.34,117.6,7.93,121.24,,
1,1,46.68592,-91.929726,6/24/25,1.5,14.8,104.6,10.44,117.9,7.94,121.83,,
1,1,46.68592,-91.929726,6/24/25,2,14,103.5,10.52,116.7,7.93,121.92,,
1,1,46.68592,-91.929726,6/24/25,2.5,13.9,103.7,10.56,116.3,7.93,122.23,,
1,1,46.68592,-91.929726,6/24/25,3,13.8,103.9,10.6,116.1,7.94,122.56,,
1,1,46.68592,-91.929726,6/24/25,3.5,13.7,103.7,10.57,118.9,7.91,122.92,,
1,1,46.68592,-91.929726,6/24/25,4,13.7,103,10.53,117.2,7.9,122.58,,
1,1,46.68592,-91.929726,6/24/25,4.5,13.6,103,10.53,116.7,7.91,122.47,,
1,1,46.68592,-91.929726,6/24/25,5,13.6,103,10.54,116.5,7.91,122.53,,
1,1,46.68592,-91.929726,6/24/25,6,,,,,,,,
1,1,46.68592,-91.929726,6/24/25,7,,,,,,,,
1,3,46.7,-91.78334,6/24/25,0.1,15.3,104.4,10.36,117,7.95,118.18,,
1,3,46.7,-91.78334,6/24/25,0.5,15.3,106.2,10.46,117.2,7.95,117.86,,
1,3,46.7,-91.78334,6/24/25,1,13.7,104,10.63,117.1,8,115.22,,
1,3,46.7,-91.78334,6/24/25,1.5,13.6,103.5,10.61,117,8,115.03,,
1,3,46.7,-91.78334,6/24/25,2,13.5,103.2,10.59,117.2,7.99,114.59,,
1,3,46.7,-91.78334,6/24/25,2.5,13.5,102.8,10.55,117.8,8,110.73,,
1,3,46.7,-91.78334,6/24/25,3,13.4,102.4,10.52,118.1,8.03,107.63,,
1,3,46.7,-91.78334,6/24/25,3.5,,,,,,,,
1,3,46.7,-91.78334,6/24/25,4,,,,,,,,
1,3,46.7,-91.78334,6/24/25,4.5,,,,,,,,
1,3,46.7,-91.78334,6/24/25,5,,,,,,,,
1,3,46.7,-91.78334,6/24/25,6,,,,,,,,
1,3,46.7,-91.78334,6/24/25,7,,,,,,,,
1,6,46.7486,-91.618065,6/24/25,0.1,14.7,101.5,10.14,119.5,7.85,121.05,,
1,6,46.7486,-91.618065,6/24/25,0.5,13,101.5,10.65,112.9,7.88,124.27,,
1,6,46.7486,-91.618065,6/24/25,1,11.7,104.1,11.17,108.6,7.88,123.27,,
1,6,46.7486,-91.618065,6/24/25,1.5,11.5,104.9,11.27,108.7,7.88,123.3,,
1,6,46.7486,-91.618065,6/24/25,2,11.5,105.1,11.29,108.7,7.89,123.16,,
1,6,46.7486,-91.618065,6/24/25,2.5,11.4,105.2,11.31,108.7,7.89,122.98,,
1,6,46.7486,-91.618065,6/24/25,3,11.4,105.3,11.32,108.8,7.9,122.9,,
1,6,46.7486,-91.618065,6/24/25,3.5,,,,,,,,
1,6,46.7486,-91.618065,6/24/25,4,,,,,,,,
1,6,46.7486,-91.618065,6/24/25,4.5,,,,,,,,
1,6,46.7486,-91.618065,6/24/25,5,,,,,,,,
1,6,46.7486,-91.618065,6/24/25,6,,,,,,,,
1,6,46.7486,-91.618065,6/24/25,7,,,,,,,,
1,7,10052505,-91.571304,6/24/25,0.1,12.8,105.6,11.02,107.1,7.89,123.63,,
1,7,10052505,-91.571304,6/24/25,0.5,12.7,106.2,11.12,109.9,7.89,123.63,,
1,7,10052505,-91.571304,6/24/25,1,12.4,105.7,11.17,109.8,7.89,123.66,,
1,7,10052505,-91.571304,6/24/25,1.5,11.8,105,11.24,110,7.9,122.51,,
1,7,10052505,-91.571304,6/24/25,2,11.3,105.2,11.36,109.9,7.9,122.14,,
1,7,10052505,-91.571304,6/24/25,2.5,11.2,105.4,11.4,110.1,7.91,122.6,,
1,7,10052505,-91.571304,6/24/25,3,,,,,,,,
1,7,10052505,-91.571304,6/24/25,3.5,,,,,,,,
1,7,10052505,-91.571304,6/24/25,4,,,,,,,,
1,7,10052505,-91.571304,6/24/25,4.5,,,,,,,,
1,7,10052505,-91.571304,6/24/25,5,,,,,,,,
1,7,10052505,-91.571304,6/24/25,6,,,,,,,,
1,7,10052505,-91.571304,6/24/25,7,,,,,,,,
1,8,10052587,-91.48382,6/24/25,0.1,11.6,107.2,11.48,109.3,7.9,119.53,,
1,8,10052587,-91.48382,6/24/25,0.5,11,106,11.55,109.3,7.9,119.16,,
1,8,10052587,-91.48382,6/24/25,1,10.6,105.1,11.68,107.4,7.88,123.76,,
1,8,10052587,-91.48382,6/24/25,1.5,9.3,104.5,11.79,107.1,7.87,124.24,,
1,8,10052587,-91.48382,6/24/25,2,9.3,104.4,11.79,107.1,7.87,124.43,,
1,8,10052587,-91.48382,6/24/25,2.5,9.3,104.5,11.81,107,7.87,124.39,,
1,8,10052587,-91.48382,6/24/25,3,9.3,104.5,11.81,107.1,7.87,124.27,,
1,8,10052587,-91.48382,6/24/25,3.5,9.3,104.5,11.81,107.1,7.87,124.27,,
1,8,10052587,-91.48382,6/24/25,4,9.3,104.5,11.81,107.1,7.88,124.25,,
1,8,10052587,-91.48382,6/24/25,4.5,9.3,104.5,11.81,107.1,7.88,123.8,,
1,8,10052587,-91.48382,6/24/25,5,,,,,,,,
1,8,10052587,-91.48382,6/24/25,6,,,,,,,,
1,8,10052587,-91.48382,6/24/25,7,,,,,,,,
1,9,10052510,-91.37061,6/24/25,0.1,9.9,109.3,12.08,104.7,7.84,125.43,,
1,9,10052510,-91.37061,6/24/25,0.5,9.8,106.2,12.08,105.2,7.85,125.46,,
1,9,10052510,-91.37061,6/24/25,1,8.7,106.7,12.28,104.7,7.85,125.36,,
1,9,10052510,-91.37061,6/24/25,1.5,8.2,106.1,12.31,104.6,7.85,125.37,,
1,9,10052510,-91.37061,6/24/25,2,8.1,105.9,12.31,104.6,7.86,125.36,,
1,9,10052510,-91.37061,6/24/25,2.5,8.1,105.7,12.31,104.5,7.85,125.36,,
1,9,10052510,-91.37061,6/24/25,3,8,105.4,12.31,104.4,7.85,125.42,,
1,9,10052510,-91.37061,6/24/25,3.5,7.7,105.4,12.38,104.3,7.84,125.44,,
1,9,10052510,-91.37061,6/24/25,4,7.7,105.4,12.39,104.2,7.82,125.44,,
1,9,10052510,-91.37061,6/24/25,4.5,7.6,105,12.38,104.3,7.81,125.51,,
1,9,10052510,-91.37061,6/24/25,5,7.4,105.1,12.46,104.2,7.76,125.53,,
1,9,10052510,-91.37061,6/24/25,6,,,,,,,,
1,9,10052510,-91.37061,6/24/25,7,,,,,,,,
1,12,10038057,-91.22806,6/24/25,0.1,6.7,102.3,12.35,103.7,7.57,125.59,,
1,12,10038057,-91.22806,6/24/25,0.5,6.7,103.1,12.43,103.8,7.57,125.58,,
1,12,10038057,-91.22806,6/24/25,1,6.6,103.3,12.47,103.8,7.63,125.58,,
1,12,10038057,-91.22806,6/24/25,1.5,6.6,103.5,12.49,103.8,7.7,125.58,,
1,12,10038057,-91.22806,6/24/25,2,6.6,103.5,12.49,103.8,7.74,125.57,,
1,12,10038057,-91.22806,6/24/25,2.5,6.6,103.6,12.5,103.8,7.76,125.58,,
1,12,10038057,-91.22806,6/24/25,3,6.6,103.6,12.51,103.8,7.77,125.56,,
1,12,10038057,-91.22806,6/24/25,3.5,6.6,103.6,12.51,103.8,7.77,125.55,,
1,12,10038057,-91.22806,6/24/25,4,6.6,103.7,12.51,103.8,7.76,125.25,,
1,12,10038057,-91.22806,6/24/25,4.5,,,,,,,,
1,12,10038057,-91.22806,6/24/25,5,,,,,,,,
1,12,10038057,-91.22806,6/24/25,6,,,,,,,,
1,12,10038057,-91.22806,6/24/25,7,,,,,,,,
2,1,46.68592,-91.929726,7/9/25,0.1,17.3,106.7,10.07,115.3,8.06,-14.08,2051,1107
2,1,46.68592,-91.929726,7/9/25,0.5,17.3,107.6,10.14,115.3,8.05,-14.21,2045,796.7
2,1,46.68592,-91.929726,7/9/25,1,17.2,107.7,10.16,115.4,8.05,-11.91,2044,604.2
2,1,46.68592,-91.929726,7/9/25,1.5,17.1,107.5,10.17,115.4,8.06,-12.53,2044,497.4
2,1,46.68592,-91.929726,7/9/25,2,17.1,107.6,10.17,115.5,8.06,-10.93,2042,345
2,1,46.68592,-91.929726,7/9/25,2.5,17,107.4,10.18,115.7,8.06,-8.84,2048,233.4
2,1,46.68592,-91.929726,7/9/25,3,17,107.2,10.18,116.2,8.08,,2048,158.9
2,1,46.68592,-91.929726,7/9/25,3.5,16.9,106.2,10.08,117.8,8.11,~35,2034,792
2,1,46.68592,-91.929726,7/9/25,4,16.9,105.7,10.04,117.9,8.12,~37,2032,27.73
2,1,46.68592,-91.929726,7/9/25,4.5,16.7,105.3,10.03,117.9,8.09,~47,2049,6.838
2,1,46.68592,-91.929726,7/9/25,5,16.2,103.7,10.02,115.8,8.03,15.02,2038,2.192
2,1,46.68592,-91.929726,7/9/25,6,15.8,104,10.11,101.1,7.99,6.92,,
2,1,46.68592,-91.929726,7/9/25,7,,,,,,,,
2,3,46.7,-91.78334,7/9/25,0.1,16.2,103.6,10.01,115.4,8.01,6.03,1967,452.8
2,3,46.7,-91.78334,7/9/25,0.5,16.2,104.7,10.1,115.4,8,5.57,1964,435.3
2,3,46.7,-91.78334,7/9/25,1,15.8,104.4,10.14,115.6,8,10.25,1979,241.5
2,3,46.7,-91.78334,7/9/25,1.5,15.8,104.3,10.14,115.5,8.01,10.09,1992,129.9
2,3,46.7,-91.78334,7/9/25,2,15.8,104.3,10.15,114.9,7.99,2.61,1984,58.78
2,3,46.7,-91.78334,7/9/25,2.5,15.6,104.2,10.17,114.3,7.97,0.25,1985,30.55
2,3,46.7,-91.78334,7/9/25,3,,,,,,,1982,14.37
2,3,46.7,-91.78334,7/9/25,3.5,,,,,,,1990,7.237
2,3,46.7,-91.78334,7/9/25,4,,,,,,,,
2,3,46.7,-91.78334,7/9/25,4.5,,,,,,,,
2,3,46.7,-91.78334,7/9/25,5,,,,,,,,
2,3,46.7,-91.78334,7/9/25,6,,,,,,,,
2,3,46.7,-91.78334,7/9/25,7,,,,,,,,
2,6,46.7486,-91.618065,7/9/25,0.1,13.9,105.5,10.69,111.5,7.96,-8.75,1614,114.6
2,6,46.7486,-91.618065,7/9/25,0.5,13.7,105.8,10.78,111.2,7.96,-8.59,1611,344.5
2,6,46.7486,-91.618065,7/9/25,1,13.4,105.5,10.82,110.6,7.96,-8.54,1649,496.9
2,6,46.7486,-91.618065,7/9/25,1.5,13.2,105.7,10.87,110.3,7.96,-8.47,164,347.2
2,6,46.7486,-91.618065,7/9/25,2,13.2,105.6,10.87,110.1,7,-8.13,1682,200.4
2,6,46.7486,-91.618065,7/9/25,2.5,13.1,105,10.88,109.8,7.96,-8.42,1712,153.4
2,6,46.7486,-91.618065,7/9/25,3,13,105.6,10.92,109.6,7.97,-8.45,1676,119.2
2,6,46.7486,-91.618065,7/9/25,3.5,12.9,105.7,10.95,109.5,7.97,-8.98,172,73.38
2,6,46.7486,-91.618065,7/9/25,4,12.8,105.7,10.97,109.4,7.96,-8.8,1681,51.89
2,6,46.7486,-91.618065,7/9/25,4.5,12.8,105.8,10.99,109.3,7.93,-9.21,1695,36.31
2,6,46.7486,-91.618065,7/9/25,5,12.8,105.8,10.99,109.3,7.92,-9.08,1695,24.48
2,6,46.7486,-91.618065,7/9/25,6,,,,,,,,
2,6,46.7486,-91.618065,7/9/25,7,,,,,,,,
2,7,10052505,-91.571304,7/9/25,0.1,13.7,110.1,11.18,106.2,7.99,-10.67,1641,124.8
2,7,10052505,-91.571304,7/9/25,0.5,13.4,109.7,11.23,106.2,8,-10.47,1673,960.9
2,7,10052505,-91.571304,7/9/25,1,13.2,109.2,11.24,106.2,8,-10.68,1633,703.7
2,7,10052505,-91.571304,7/9/25,1.5,13,109.1,11.29,106.2,8.01,-10.2,1679,549.8
2,7,10052505,-91.571304,7/9/25,2,12.5,108,11.37,106.1,8.02,-11.83,1676,388.5
2,7,10052505,-91.571304,7/9/25,2.5,11.6,109.2,11.66,105.6,8.07,-14.39,1676,248.6
2,7,10052505,-91.571304,7/9/25,3,11.5,110.7,11.85,105.5,8.1,-14.55,1645,250
2,7,10052505,-91.571304,7/9/25,3.5,,,,,,,,
2,7,10052505,-91.571304,7/9/25,4,,,,,,,,
2,7,10052505,-91.571304,7/9/25,4.5,,,,,,,,
2,7,10052505,-91.571304,7/9/25,5,,,,,,,,
2,7,10052505,-91.571304,7/9/25,6,,,,,,,,
2,7,10052505,-91.571304,7/9/25,7,,,,,,,,
2,8,10052587,-91.48382,7/9/25,0.1,13.1,107.4,11.06,118.2,8.04,-11,1545,130.1
2,8,10052587,-91.48382,7/9/25,0.5,12.6,107.1,11.21,115.7,8.05,-12.38,1539,609.5
2,8,10052587,-91.48382,7/9/25,1,11.4,108.2,11.61,109.4,8.05,-13.03,1597,346.4
2,8,10052587,-91.48382,7/9/25,1.5,10.6,107.5,11.79,108.2,8.05,-14.4,1633,395.8
2,8,10052587,-91.48382,7/9/25,2,10.4,109,11.97,107.7,8.04,-14.6,1610,293.9
2,8,10052587,-91.48382,7/9/25,2.5,10,108.2,12.08,106,8.04,-15.32,1590,203.2
2,8,10052587,-91.48382,7/9/25,3,9.1,109.5,12.41,105,8.05,-15.26,1538,144.8
2,8,10052587,-91.48382,7/9/25,3.5,9,109.9,12.45,104.9,8.05,-15.31,1512,132.9
2,8,10052587,-91.48382,7/9/25,4,9,110.2,12.49,104.9,8.06,-5.28,1553,168.6
2,8,10052587,-91.48382,7/9/25,4.5,,,,,,,,
2,8,10052587,-91.48382,7/9/25,5,,,,,,,,
2,8,10052587,-91.48382,7/9/25,6,,,,,,,,
2,8,10052587,-91.48382,7/9/25,7,,,,,,,,
2,9,10052510,-91.37061,7/9/25,0.1,11.4,104.1,7.9,108.3,7.9,-14.94,5938,405.5
2,9,10052510,-91.37061,7/9/25,0.5,11.1,104.8,7.91,106.3,7.91,-15.81,5368,344.9
2,9,10052510,-91.37061,7/9/25,1,10.2,105.8,7.92,104.9,7.92,-16.09,5397,246.7
2,9,10052510,-91.37061,7/9/25,1.5,9.6,105.5,7.88,104.9,7.88,-15.96,5347,209.4
2,9,10052510,-91.37061,7/9/25,2,9.4,105.9,7.84,104.8,7.84,-15.92,5544,169.2
2,9,10052510,-91.37061,7/9/25,2.5,9,105.8,7.79,104.9,7.79,-15.87,5706,131.8
2,9,10052510,-91.37061,7/9/25,3,8.8,105.4,7.78,104.9,7.78,-15.79,5985,132.3
2,9,10052510,-91.37061,7/9/25,3.5,8.6,105.2,7.77,104.9,7.77,-15.81,6690,126.6
2,9,10052510,-91.37061,7/9/25,4,8.5,105.1,7.78,104.9,7.78,-15.75,6476,112.8
2,9,10052510,-91.37061,7/9/25,4.5,8.5,105,7.77,104.8,7.77,-15.71,6600,96.14
2,9,10052510,-91.37061,7/9/25,5,8.4,104.8,7.77,104.9,7.77,-15.65,6553,83.59
2,9,10052510,-91.37061,7/9/25,6,,,,,,,,
2,9,10052510,-91.37061,7/9/25,7,,,,,,,,
2,12,10038057,-91.22806,7/9/25,0.1,9,106.9,12.1,104.5,7.76,-16.07,1295,0.1892
2,12,10038057,-91.22806,7/9/25,0.5,9.1,107,12.12,104.5,7.73,-15.86,1224,797.1
2,12,10038057,-91.22806,7/9/25,1,8.9,107,12.17,104.5,7.77,-15.98,1120,331.9
2,12,10038057,-91.22806,7/9/25,1.5,8.8,107.1,12.19,104.5,7.86,-15.89,1346,366.5
2,12,10038057,-91.22806,7/9/25,2,8.6,106.6,12.22,104.6,7.9,-15.84,1286,359.5
2,12,10038057,-91.22806,7/9/25,2.5,7.9,105,12.3,104.5,7.88,-15.66,1287,284.2
2,12,10038057,-91.22806,7/9/25,3,7.9,105.6,12.3,104.5,7.87,-15.57,1196,256.7
2,12,10038057,-91.22806,7/9/25,3.5,7.9,105.5,12.31,104.5,7.87,-15.68,1076,209.7
2,12,10038057,-91.22806,7/9/25,4,,,,,,,,
2,12,10038057,-91.22806,7/9/25,4.5,,,,,,,,
2,12,10038057,-91.22806,7/9/25,5,,,,,,,,
2,12,10038057,-91.22806,7/9/25,6,,,,,,,,
2,12,10038057,-91.22806,7/9/25,7,,,,,,,,
3,1,46.68592,-91.929726,7/14/25,0.1,19.5,108.8,9.75,113.4,8.05,0.58,Not working properly ,
3,1,46.68592,-91.929726,7/14/25,0.5,18.8,107.8,9.81,113.2,8.06,0.76,,
3,1,46.68592,-91.929726,7/14/25,1,18.7,108.3,9.86,113.2,8.06,0.78,,
3,1,46.68592,-91.929726,7/14/25,1.5,18.4,108.4,9.92,112.9,8.07,0.78,,
3,1,46.68592,-91.929726,7/14/25,2,18.3,108.2,9.92,112.6,8.06,0.77,,
3,1,46.68592,-91.929726,7/14/25,2.5,18.2,108,9.94,112.2,8.06,0.61,,
3,1,46.68592,-91.929726,7/14/25,3,18,107.4,9.93,111.3,8.02,0.45,,
3,1,46.68592,-91.929726,7/14/25,3.5,17.9,106.9,9.9,111.1,8,0.44,,
3,1,46.68592,-91.929726,7/14/25,4,17.7,105.5,9.81,110.5,7.91,0.34,,
3,1,46.68592,-91.929726,7/14/25,4.5,17.2,102.6,9.64,110.1,7.78,0.41,,
3,1,46.68592,-91.929726,7/14/25,5,,,,,,,,
3,1,46.68592,-91.929726,7/14/25,6,,,,,,,,
3,1,46.68592,-91.929726,7/14/25,7,,,,,,,,
3,3,46.7,-91.78334,7/14/25,0.1,20,104.4,9.26,116,7.97,4.05,1593,65.49
3,3,46.7,-91.78334,7/14/25,0.5,19.6,105.4,9.42,115.5,7.97,4.05,1689,39.78
3,3,46.7,-91.78334,7/14/25,1,19.1,105,9.47,115.2,7.97,3.66,1691,355
3,3,46.7,-91.78334,7/14/25,1.5,18.4,104.1,9.54,113.2,7.94,1.79,1691,179.4
3,3,46.7,-91.78334,7/14/25,2,18.2,104.8,9.64,112.4,7.96,1.49,1688,49.77
3,3,46.7,-91.78334,7/14/25,2.5,18.2,104.7,9.63,112.5,7.96,1.71,1688,15.1
3,3,46.7,-91.78334,7/14/25,3,18.1,105,9.66,112.4,7.97,1.55,1689,4.652
3,3,46.7,-91.78334,7/14/25,3.5,,,,,,,,
3,3,46.7,-91.78334,7/14/25,4,,,,,,,,
3,3,46.7,-91.78334,7/14/25,4.5,,,,,,,,
3,3,46.7,-91.78334,7/14/25,5,,,,,,,,
3,3,46.7,-91.78334,7/14/25,6,,,,,,,,
3,3,46.7,-91.78334,7/14/25,7,,,,,,,,
3,6,46.7486,-91.618065,7/14/25,0.1,19.9,106,9.41,114.5,8.03,1.63,1492,780.1
3,6,46.7486,-91.618065,7/14/25,0.5,19.4,105.3,9.44,114,8.03,1.79,1491,596.5
3,6,46.7486,-91.618065,7/14/25,1,19.1,105.2,9.5,114,8.03,2.04,1483,368.4
3,6,46.7486,-91.618065,7/14/25,1.5,18.9,105,9.51,113.8,8.02,2.11,1496,252.6
3,6,46.7486,-91.618065,7/14/25,2,18.9,105.1,9.54,113.6,8.01,2.06,1494,250.9
3,6,46.7486,-91.618065,7/14/25,2.5,18.8,105.1,9.54,113.6,8.02,1.97,1492,154.4
3,6,46.7486,-91.618065,7/14/25,3,,,,,,,1490,79.36
3,6,46.7486,-91.618065,7/14/25,3.5,,,,,,,,
3,6,46.7486,-91.618065,7/14/25,4,,,,,,,,
3,6,46.7486,-91.618065,7/14/25,4.5,,,,,,,,
3,6,46.7486,-91.618065,7/14/25,5,,,,,,,,
3,6,46.7486,-91.618065,7/14/25,6,,,,,,,,
3,6,46.7486,-91.618065,7/14/25,7,,,,,,,,
3,7,10052505,-91.571304,7/14/25,0.1,19.9,104.7,9.3,115,8.06,1.82,1400,1121
3,7,10052505,-91.571304,7/14/25,0.5,20,104.7,9.29,114.9,8.06,1.75,1391,444.6
3,7,10052505,-91.571304,7/14/25,1,19.9,104.7,9.3,114.9,8.06,1.76,1383,870.5
3,7,10052505,-91.571304,7/14/25,1.5,19.9,105,9.33,114.9,8.06,1.77,1383,233
3,7,10052505,-91.571304,7/14/25,2,19.5,108.5,9.72,113.7,8.17,1.24,1388,255
3,7,10052505,-91.571304,7/14/25,2.5,,,,,,,,
3,7,10052505,-91.571304,7/14/25,3,,,,,,,,
3,7,10052505,-91.571304,7/14/25,3.5,,,,,,,,
3,7,10052505,-91.571304,7/14/25,4,,,,,,,,
3,7,10052505,-91.571304,7/14/25,4.5,,,,,,,,
3,7,10052505,-91.571304,7/14/25,5,,,,,,,,
3,7,10052505,-91.571304,7/14/25,6,,,,,,,,
3,7,10052505,-91.571304,7/14/25,7,,,,,,,,
3,8,10052587,-91.48382,7/14/25,0.1,19.5,105.4,9.44,115.2,8.12,1.24,1178,708.1
3,8,10052587,-91.48382,7/14/25,0.5,19.3,105.7,9.5,114.5,8.09,1.17,1182,459.4
3,8,10052587,-91.48382,7/14/25,1,18.9,105,9.52,113,8.06,0.86,1188,553.7
3,8,10052587,-91.48382,7/14/25,1.5,18.7,104.9,9.55,112.6,8.04,0.73,1181,320.3
3,8,10052587,-91.48382,7/14/25,2,18.7,104.9,9.55,112.6,8.03,0.79,1182,192.9
3,8,10052587,-91.48382,7/14/25,2.5,18.7,104.9,9.55,112.6,8.03,0.8,1189,155.4
3,8,10052587,-91.48382,7/14/25,3,18.7,104.7,9.54,112.6,8.02,0.75,1179,121.7
3,8,10052587,-91.48382,7/14/25,3.5,,,,,,,1196,92.05
3,8,10052587,-91.48382,7/14/25,4,,,,,,,1192,75.49
3,8,10052587,-91.48382,7/14/25,4.5,,,,,,,1205,47.74
3,8,10052587,-91.48382,7/14/25,5,,,,,,,,
3,8,10052587,-91.48382,7/14/25,6,,,,,,,,
3,8,10052587,-91.48382,7/14/25,7,,,,,,,,
3,9,10052510,-91.37061,7/14/25,0.1,18.4,105.7,9.69,111.1,8.04,0.36,1129,243.3
3,9,10052510,-91.37061,7/14/25,0.5,18.2,106.1,9.75,111.2,8.03,0.4,1044,251.9
3,9,10052510,-91.37061,7/14/25,1,18.2,106,9.76,111.2,8.03,0.45,1111,453.4
3,9,10052510,-91.37061,7/14/25,1.5,18.1,105.9,9.75,111.1,8.02,0.45,1060,198.6
3,9,10052510,-91.37061,7/14/25,2,18.1,105.8,9.75,111.1,8.01,0.52,1047,213.1
3,9,10052510,-91.37061,7/14/25,2.5,18.1,105.7,9.75,111.1,8.01,0.53,1049,157.3
3,9,10052510,-91.37061,7/14/25,3,18.1,105.7,9.74,111.1,8,0.49,1053,87.69
3,9,10052510,-91.37061,7/14/25,3.5,18.1,105.6,9.74,111.1,7.97,0.44,1055,105.7
3,9,10052510,-91.37061,7/14/25,4,18.1,105.6,9.74,111.1,7.95,0.56,1052,74.55
3,9,10052510,-91.37061,7/14/25,4.5,18,105.6,9.74,111.1,7.9,0.55,1064,59.49
3,9,10052510,-91.37061,7/14/25,5,17.9,105.4,9.75,111,7.87,0.66,1078,41.75
3,9,10052510,-91.37061,7/14/25,6,,,,,,,,
3,9,10052510,-91.37061,7/14/25,7,,,,,,,,
3,12,10038057,-91.22806,7/14/25,0.1,17.4,106,9.91,109.3,7.99,1.38,935.6,334.9
3,12,10038057,-91.22806,7/14/25,0.5,17.4,106.3,9.94,109.3,8,1.14,1011,389.8
3,12,10038057,-91.22806,7/14/25,1,17.4,106.4,9.95,109.3,7.99,0.55,1016,305.4
3,12,10038057,-91.22806,7/14/25,1.5,17.4,106.4,9.95,109.3,7.95,0.48,1040,236
3,12,10038057,-91.22806,7/14/25,2,17.4,106.4,9.96,109.3,7.86,0.54,1040,173.3
3,12,10038057,-91.22806,7/14/25,2.5,17.4,106.4,9.96,109.4,7.82,0.44,1050,133.4
3,12,10038057,-91.22806,7/14/25,3,17.4,106.4,9.96,109.4,7.8,0.52,1027,112.2
3,12,10038057,-91.22806,7/14/25,3.5,17.4,106.4,9.96,109.4,7.8,0.46,1066,75.99
3,12,10038057,-91.22806,7/14/25,4,,,,,,,1061,59.81
3,12,10038057,-91.22806,7/14/25,4.5,,,,,,,,
3,12,10038057,-91.22806,7/14/25,5,,,,,,,,
3,12,10038057,-91.22806,7/14/25,6,,,,,,,,
3,12,10038057,-91.22806,7/14/25,7,,,,,,,,
4,1,46.68592,-91.929726,7/21/25,0.1,17.1,101.1,9.54,108.8,7.94,5.25,457.3,335.4
4,1,46.68592,-91.929726,7/21/25,0.5,17.1,101.1,9.54,108.8,7.92,5.28,451.3,195.8
4,1,46.68592,-91.929726,7/21/25,1,17.1,101.1,9.54,108.8,7.92,5.18,452.1,111
4,1,46.68592,-91.929726,7/21/25,1.5,17,100.9,9.53,109,7.91,4.77,450.2,63.77
4,1,46.68592,-91.929726,7/21/25,2,17,100.9,9.53,108.9,7.91,5.01,448.7,31.75
4,1,46.68592,-91.929726,7/21/25,2.5,17,100.7,9.52,109.1,7.9,4.45,442.1,21.27
4,1,46.68592,-91.929726,7/21/25,3,16.9,100.5,9.52,109.3,7.89,4.07,445.7,5.25
4,1,46.68592,-91.929726,7/21/25,3.5,16.9,100.4,9.51,109.3,7.88,3.83,440.5,8.336
4,1,46.68592,-91.929726,7/21/25,4,16.9,100.1,9.49,109.5,7.86,3.17,444.1,5.312
4,1,46.68592,-91.929726,7/21/25,4.5,16.7,99.4,9.45,109.3,7.83,2.13,442.7,3.684
4,1,46.68592,-91.929726,7/21/25,5,16.7,98.9,9.41,109.3,7.81,1.96,441.2,2.886
4,1,46.68592,-91.929726,7/21/25,6,,,,,,,442.4,2.094
4,1,46.68592,-91.929726,7/21/25,7,,,,,,,,
4,3,46.7,-91.78334,7/21/25,0.1,16.5,100.6,9.61,108.5,7.95,7.53,456.1,339.4
4,3,46.7,-91.78334,7/21/25,0.5,16.5,101.6,9.71,108.6,7.93,7.56,446.1,209.3
4,3,46.7,-91.78334,7/21/25,1,16.4,101.7,9.74,108.6,7.91,7.7,450.5,89.4
4,3,46.7,-91.78334,7/21/25,1.5,16.1,100.9,9.74,108.1,7.89,7.36,448,46.18
4,3,46.7,-91.78334,7/21/25,2,15.9,100.3,9.71,108.2,7.87,7.05,449.4,21.99
4,3,46.7,-91.78334,7/21/25,2.5,15.9,100.3,9.7,108.3,7.87,7.21,446.3,10.19
4,3,46.7,-91.78334,7/21/25,3,15.9,100.2,9.7,108.3,7.87,7.54,443.9,5.365
4,3,46.7,-91.78334,7/21/25,3.5,,,,,,,442.6,2.823
4,3,46.7,-91.78334,7/21/25,4,,,,,,,,
4,3,46.7,-91.78334,7/21/25,4.5,,,,,,,,
4,3,46.7,-91.78334,7/21/25,5,,,,,,,,
4,3,46.7,-91.78334,7/21/25,6,,,,,,,,
4,3,46.7,-91.78334,7/21/25,7,,,,,,,,
4,6,46.7486,-91.618065,7/21/25,0.1,15,101.3,10,104.6,8.05,1.2,479.4,313.7
4,6,46.7486,-91.618065,7/21/25,0.5,14.9,106.6,10.54,104.6,8.02,1.29,480,253.6
4,6,46.7486,-91.618065,7/21/25,1,14.8,106.7,10.58,104.6,8,1.31,478.2,170.4
4,6,46.7486,-91.618065,7/21/25,1.5,14.6,106.6,10.62,104.7,7.98,1.41,479.8,115.2
4,6,46.7486,-91.618065,7/21/25,2,14.6,106.5,10.61,104.7,7.98,1.41,479.9,93.32
4,6,46.7486,-91.618065,7/21/25,2.5,14.4,106.2,10.63,104.7,7.97,1.49,482.1,58.73
4,6,46.7486,-91.618065,7/21/25,3,14.3,106.2,10.63,104.7,7.97,1.6,486.4,40.92
4,6,46.7486,-91.618065,7/21/25,3.5,,,,,,,480.5,35.9
4,6,46.7486,-91.618065,7/21/25,4,,,,,,,,
4,6,46.7486,-91.618065,7/21/25,4.5,,,,,,,,
4,6,46.7486,-91.618065,7/21/25,5,,,,,,,,
4,6,46.7486,-91.618065,7/21/25,6,,,,,,,,
4,6,46.7486,-91.618065,7/21/25,7,,,,,,,,
4,7,10052505,-91.571304,7/21/25,0.1,14.5,104.1,10.39,105.8,7.9,2.65,630.8,271.7
4,7,10052505,-91.571304,7/21/25,0.5,14.2,104.6,10.5,105.4,7.9,2.4,662.2,158
4,7,10052505,-91.571304,7/21/25,1,14.1,104.4,10.5,105.3,7.9,2.29,659,101.6
4,7,10052505,-91.571304,7/21/25,1.5,14,105,10.59,105.2,7.92,2.25,651.6,77.83
4,7,10052505,-91.571304,7/21/25,2,14,105.2,10.63,105.1,7.93,2.41,643.6,68.14
4,7,10052505,-91.571304,7/21/25,2.5,,,,,,,,
4,7,10052505,-91.571304,7/21/25,3,,,,,,,,
4,7,10052505,-91.571304,7/21/25,3.5,,,,,,,,
4,7,10052505,-91.571304,7/21/25,4,,,,,,,,
4,7,10052505,-91.571304,7/21/25,4.5,,,,,,,,
4,7,10052505,-91.571304,7/21/25,5,,,,,,,,
4,7,10052505,-91.571304,7/21/25,6,,,,,,,,
4,7,10052505,-91.571304,7/21/25,7,,,,,,,,
4,8,10052587,-91.48382,7/21/25,0.1,16.1,105.9,10.21,105.9,7.95,2.88,438.6,337.9
4,8,10052587,-91.48382,7/21/25,0.5,16.1,106.8,10.3,106,7.93,2.88,433.2,214.4
4,8,10052587,-91.48382,7/21/25,1,15.9,106.8,10.34,105.9,7.92,2.94,430.7,129.4
4,8,10052587,-91.48382,7/21/25,1.5,15.9,106.9,10.35,105.9,7.92,2.99,427,78.18
4,8,10052587,-91.48382,7/21/25,2,15.8,106.9,10.36,105.9,7.92,2.97,426.6,53.36
4,8,10052587,-91.48382,7/21/25,2.5,15.3,106.5,10.45,106.1,7.91,3.01,426.1,41.28
4,8,10052587,-91.48382,7/21/25,3,15,104.9,10.37,108.9,7.89,4.01,416.5,31.66
4,8,10052587,-91.48382,7/21/25,3.5,14.8,105.1,10.43,106.8,7.88,3.58,418.3,19.39
4,8,10052587,-91.48382,7/21/25,4,13.5,102.1,10.41,105.5,7.79,3.06,416.6,13.01
4,8,10052587,-91.48382,7/21/25,4.5,,,,,,,424.3,8.81
4,8,10052587,-91.48382,7/21/25,5,,,,,,,,
4,8,10052587,-91.48382,7/21/25,6,,,,,,,,
4,8,10052587,-91.48382,7/21/25,7,,,,,,,,
4,9,10052510,-91.37061,7/21/25,0.1,15.1,106.3,10.48,106.1,7.88,2.4,613.5,394.9
4,9,10052510,-91.37061,7/21/25,0.5,14.3,105.6,10.6,105.5,7.88,2.43,605.6,323.9
4,9,10052510,-91.37061,7/21/25,1,14.2,106.2,10.68,105.3,7.88,2.37,604.2,209.7
4,9,10052510,-91.37061,7/21/25,1.5,14.1,106.3,10.69,105.3,7.85,2.39,594.9,122.6
4,9,10052510,-91.37061,7/21/25,2,14.1,106.3,10.7,105.3,7.81,2.44,590.2,85.23
4,9,10052510,-91.37061,7/21/25,2.5,14,106.3,10.72,105.5,7.73,2.44,580.4,59.78
4,9,10052510,-91.37061,7/21/25,3,13.8,105.9,10.74,105.9,7.68,2.48,519,45.37
4,9,10052510,-91.37061,7/21/25,3.5,13.1,105.2,10.82,105.7,7.68,2.08,518,32.65
4,9,10052510,-91.37061,7/21/25,4,12.6,105,10.92,104.9,7.66,2.12,522,24.62
4,9,10052510,-91.37061,7/21/25,4.5,12.4,104.4,10.91,104.7,7.67,2.18,524.5,18.37
4,9,10052510,-91.37061,7/21/25,5,12.1,103.9,10.95,104.4,7.64,2.11,550,14.01
4,9,10052510,-91.37061,7/21/25,6,12,104.1,10.98,104.3,7.67,2.13,528.4,8.056
4,9,10052510,-91.37061,7/21/25,7,11.6,103.3,10.99,104.1,7.66,1.92,550.1,5.27
4,12,10038057,-91.22806,7/21/25,0.1,13.5,103.8,10.58,104.6,7.86,1.98,783,519.9
4,12,10038057,-91.22806,7/21/25,0.5,13.1,105.3,10.84,104.2,7.85,1.78,785.4,276.4
4,12,10038057,-91.22806,7/21/25,1,13.1,106.4,10.96,104.2,7.72,1.83,766.7,260.8
4,12,10038057,-91.22806,7/21/25,1.5,12.9,105.8,10.93,104.2,7.66,1.72,793.1,167.8
4,12,10038057,-91.22806,7/21/25,2,12.8,106.1,11,104.1,7.62,1.61,771.5,116.3
4,12,10038057,-91.22806,7/21/25,2.5,12.8,106.1,11,104,7.6,1.51,778.9,87.64
4,12,10038057,-91.22806,7/21/25,3,12.7,106.2,11.02,104,7.65,1.6,779.1,67.23
4,12,10038057,-91.22806,7/21/25,3.5,12.7,106.3,11.03,104,7.65,1.53,770,52.79
4,12,10038057,-91.22806,7/21/25,4,,,,,,,766.3,40.64
4,12,10038057,-91.22806,7/21/25,4.5,,,,,,,,
4,12,10038057,-91.22806,7/21/25,5,,,,,,,,
4,12,10038057,-91.22806,7/21/25,6,,,,,,,,
4,12,10038057,-91.22806,7/21/25,7,,,,,,,,
5,1,46.68592,-91.929726,,0.1,,,,,,,,
5,1,46.68592,-91.929726,,0.5,,,,,,,,
5,1,46.68592,-91.929726,,1,,,,,,,,
5,1,46.68592,-91.929726,,1.5,,,,,,,,
5,1,46.68592,-91.929726,,2,,,,,,,,
5,1,46.68592,-91.929726,,2.5,,,,,,,,
5,1,46.68592,-91.929726,,3,,,,,,,,
5,1,46.68592,-91.929726,,3.5,,,,,,,,
5,1,46.68592,-91.929726,,4,,,,,,,,
5,1,46.68592,-91.929726,,4.5,,,,,,,,
5,1,46.68592,-91.929726,,5,,,,,,,,
5,1,46.68592,-91.929726,,6,,,,,,,,
5,1,46.68592,-91.929726,,7,,,,,,,,
5,3,46.7,-91.78334,,0.1,,,,,,,,
5,3,46.7,-91.78334,,0.5,,,,,,,,
5,3,46.7,-91.78334,,1,,,,,,,,
5,3,46.7,-91.78334,,1.5,,,,,,,,
5,3,46.7,-91.78334,,2,,,,,,,,
5,3,46.7,-91.78334,,2.5,,,,,,,,
5,3,46.7,-91.78334,,3,,,,,,,,
5,3,46.7,-91.78334,,3.5,,,,,,,,
5,3,46.7,-91.78334,,4,,,,,,,,
5,3,46.7,-91.78334,,4.5,,,,,,,,
5,3,46.7,-91.78334,,5,,,,,,,,
5,3,46.7,-91.78334,,6,,,,,,,,
5,3,46.7,-91.78334,,7,,,,,,,,
5,6,46.7486,-91.618065,,0.1,,,,,,,,
5,6,46.7486,-91.618065,,0.5,,,,,,,,
5,6,46.7486,-91.618065,,1,,,,,,,,
5,6,46.7486,-91.618065,,1.5,,,,,,,,
5,6,46.7486,-91.618065,,2,,,,,,,,
5,6,46.7486,-91.618065,,2.5,,,,,,,,
5,6,46.7486,-91.618065,,3,,,,,,,,
5,6,46.7486,-91.618065,,3.5,,,,,,,,
5,6,46.7486,-91.618065,,4,,,,,,,,
5,6,46.7486,-91.618065,,4.5,,,,,,,,
5,6,46.7486,-91.618065,,5,,,,,,,,
5,6,46.7486,-91.618065,,6,,,,,,,,
5,6,46.7486,-91.618065,,7,,,,,,,,
5,7,10052505,-91.571304,,0.1,,,,,,,,
5,7,10052505,-91.571304,,0.5,,,,,,,,
5,7,10052505,-91.571304,,1,,,,,,,,
5,7,10052505,-91.571304,,1.5,,,,,,,,
5,7,10052505,-91.571304,,2,,,,,,,,
5,7,10052505,-91.571304,,2.5,,,,,,,,
5,7,10052505,-91.571304,,3,,,,,,,,
5,7,10052505,-91.571304,,3.5,,,,,,,,
5,7,10052505,-91.571304,,4,,,,,,,,
5,7,10052505,-91.571304,,4.5,,,,,,,,
5,7,10052505,-91.571304,,5,,,,,,,,
5,7,10052505,-91.571304,,6,,,,,,,,
5,7,10052505,-91.571304,,7,,,,,,,,
5,8,10052587,-91.48382,,0.1,,,,,,,,
5,8,10052587,-91.48382,,0.5,,,,,,,,
5,8,10052587,-91.48382,,1,,,,,,,,
5,8,10052587,-91.48382,,1.5,,,,,,,,
5,8,10052587,-91.48382,,2,,,,,,,,
5,8,10052587,-91.48382,,2.5,,,,,,,,
5,8,10052587,-91.48382,,3,,,,,,,,
5,8,10052587,-91.48382,,3.5,,,,,,,,
5,8,10052587,-91.48382,,4,,,,,,,,
5,8,10052587,-91.48382,,4.5,,,,,,,,
5,8,10052587,-91.48382,,5,,,,,,,,
5,8,10052587,-91.48382,,6,,,,,,,,
5,8,10052587,-91.48382,,7,,,,,,,,
5,9,10052510,-91.37061,,0.1,,,,,,,,
5,9,10052510,-91.37061,,0.5,,,,,,,,
5,9,10052510,-91.37061,,1,,,,,,,,
5,9,10052510,-91.37061,,1.5,,,,,,,,
5,9,10052510,-91.37061,,2,,,,,,,,
5,9,10052510,-91.37061,,2.5,,,,,,,,
5,9,10052510,-91.37061,,3,,,,,,,,
5,9,10052510,-91.37061,,3.5,,,,,,,,
5,9,10052510,-91.37061,,4,,,,,,,,
5,9,10052510,-91.37061,,4.5,,,,,,,,
5,9,10052510,-91.37061,,5,,,,,,,,
5,9,10052510,-91.37061,,6,,,,,,,,
5,9,10052510,-91.37061,,7,,,,,,,,
5,12,10038057,-91.22806,,0.1,,,,,,,,
5,12,10038057,-91.22806,,0.5,,,,,,,,
5,12,10038057,-91.22806,,1,,,,,,,,
5,12,10038057,-91.22806,,1.5,,,,,,,,
5,12,10038057,-91.22806,,2,,,,,,,,
5,12,10038057,-91.22806,,2.5,,,,,,,,
5,12,10038057,-91.22806,,3,,,,,,,,
5,12,10038057,-91.22806,,3.5,,,,,,,,
5,12,10038057,-91.22806,,4,,,,,,,,
5,12,10038057,-91.22806,,4.5,,,,,,,,
5,12,10038057,-91.22806,,5,,,,,,,,
5,12,10038057,-91.22806,,6,,,,,,,,
5,12,10038057,-91.22806,,7,,,,,,,,
6,1,46.68592,-91.929726,,0.1,,,,,,,,
6,1,46.68592,-91.929726,,0.5,,,,,,,,
6,1,46.68592,-91.929726,,1,,,,,,,,
6,1,46.68592,-91.929726,,1.5,,,,,,,,
6,1,46.68592,-91.929726,,2,,,,,,,,
6,1,46.68592,-91.929726,,2.5,,,,,,,,
6,1,46.68592,-91.929726,,3,,,,,,,,
6,1,46.68592,-91.929726,,3.5,,,,,,,,
6,1,46.68592,-91.929726,,4,,,,,,,,
6,1,46.68592,-91.929726,,4.5,,,,,,,,
6,1,46.68592,-91.929726,,5,,,,,,,,
6,1,46.68592,-91.929726,,6,,,,,,,,
6,1,46.68592,-91.929726,,7,,,,,,,,
6,3,46.7,-91.78334,,0.1,,,,,,,,
6,3,46.7,-91.78334,,0.5,,,,,,,,
6,3,46.7,-91.78334,,1,,,,,,,,
6,3,46.7,-91.78334,,1.5,,,,,,,,
6,3,46.7,-91.78334,,2,,,,,,,,
6,3,46.7,-91.78334,,2.5,,,,,,,,
6,3,46.7,-91.78334,,3,,,,,,,,
6,3,46.7,-91.78334,,3.5,,,,,,,,
6,3,46.7,-91.78334,,4,,,,,,,,
6,3,46.7,-91.78334,,4.5,,,,,,,,
6,3,46.7,-91.78334,,5,,,,,,,,
6,3,46.7,-91.78334,,6,,,,,,,,
6,3,46.7,-91.78334,,7,,,,,,,,
6,6,46.7486,-91.618065,,0.1,,,,,,,,
6,6,46.7486,-91.618065,,0.5,,,,,,,,
6,6,46.7486,-91.618065,,1,,,,,,,,
6,6,46.7486,-91.618065,,1.5,,,,,,,,
6,6,46.7486,-91.618065,,2,,,,,,,,
6,6,46.7486,-91.618065,,2.5,,,,,,,,
6,6,46.7486,-91.618065,,3,,,,,,,,
6,6,46.7486,-91.618065,,3.5,,,,,,,,
6,6,46.7486,-91.618065,,4,,,,,,,,
6,6,46.7486,-91.618065,,4.5,,,,,,,,
6,6,46.7486,-91.618065,,5,,,,,,,,
6,6,46.7486,-91.618065,,6,,,,,,,,
6,6,46.7486,-91.618065,,7,,,,,,,,
6,7,10052505,-91.571304,,0.1,,,,,,,,
6,7,10052505,-91.571304,,0.5,,,,,,,,
6,7,10052505,-91.571304,,1,,,,,,,,
6,7,10052505,-91.571304,,1.5,,,,,,,,
6,7,10052505,-91.571304,,2,,,,,,,,
6,7,10052505,-91.571304,,2.5,,,,,,,,
6,7,10052505,-91.571304,,3,,,,,,,,
6,7,10052505,-91.571304,,3.5,,,,,,,,
6,7,10052505,-91.571304,,4,,,,,,,,
6,7,10052505,-91.571304,,4.5,,,,,,,,
6,7,10052505,-91.571304,,5,,,,,,,,
6,7,10052505,-91.571304,,6,,,,,,,,
6,7,10052505,-91.571304,,7,,,,,,,,
6,8,10052587,-91.48382,,0.1,,,,,,,,
6,8,10052587,-91.48382,,0.5,,,,,,,,
6,8,10052587,-91.48382,,1,,,,,,,,
6,8,10052587,-91.48382,,1.5,,,,,,,,
6,8,10052587,-91.48382,,2,,,,,,,,
6,8,10052587,-91.48382,,2.5,,,,,,,,
6,8,10052587,-91.48382,,3,,,,,,,,
6,8,10052587,-91.48382,,3.5,,,,,,,,
6,8,10052587,-91.48382,,4,,,,,,,,
6,8,10052587,-91.48382,,4.5,,,,,,,,
6,8,10052587,-91.48382,,5,,,,,,,,
6,8,10052587,-91.48382,,6,,,,,,,,
6,8,10052587,-91.48382,,7,,,,,,,,
6,9,10052510,-91.37061,,0.1,,,,,,,,
6,9,10052510,-91.37061,,0.5,,,,,,,,
6,9,10052510,-91.37061,,1,,,,,,,,
6,9,10052510,-91.37061,,1.5,,,,,,,,
6,9,10052510,-91.37061,,2,,,,,,,,
6,9,10052510,-91.37061,,2.5,,,,,,,,
6,9,10052510,-91.37061,,3,,,,,,,,
6,9,10052510,-91.37061,,3.5,,,,,,,,
6,9,10052510,-91.37061,,4,,,,,,,,
6,9,10052510,-91.37061,,4.5,,,,,,,,
6,9,10052510,-91.37061,,5,,,,,,,,
6,9,10052510,-91.37061,,6,,,,,,,,
6,9,10052510,-91.37061,,7,,,,,,,,
6,12,10038057,-91.22806,,0.1,,,,,,,,
6,12,10038057,-91.22806,,0.5,,,,,,,,
6,12,10038057,-91.22806,,1,,,,,,,,
6,12,10038057,-91.22806,,1.5,,,,,,,,
6,12,10038057,-91.22806,,2,,,,,,,,
6,12,10038057,-91.22806,,2.5,,,,,,,,
6,12,10038057,-91.22806,,3,,,,,,,,
6,12,10038057,-91.22806,,3.5,,,,,,,,
6,12,10038057,-91.22806,,4,,,,,,,,
6,12,10038057,-91.22806,,4.5,,,,,,,,
6,12,10038057,-91.22806,,5,,,,,,,,
6,12,10038057,-91.22806,,6,,,,,,,,
6,12,10038057,-91.22806,,7,,,,,,,,
7,1,46.68592,-91.929726,8/26/25,0.1,19,103.5,9.44,113.4,7.92,0.67,352.4,171.8
7,1,46.68592,-91.929726,8/26/25,0.5,18.3,103.2,9.54,111,7.95,0.59,333.8,122.9
7,1,46.68592,-91.929726,8/26/25,1,18,102.5,9.53,110.8,7.94,0.62,327.9,74.92
7,1,46.68592,-91.929726,8/26/25,1.5,17.8,102,9.53,110.7,7.93,0.64,329.4,47.56
7,1,46.68592,-91.929726,8/26/25,2,17.7,101.5,9.5,110.9,7.9,0.67,319.7,31.22
7,1,46.68592,-91.929726,8/26/25,2.5,17.7,101.4,9.49,111.1,7.91,0.67,321.2,20.08
7,1,46.68592,-91.929726,8/26/25,3,17.7,101.3,9.48,110.8,7.9,0.64,315.8,11.06
7,1,46.68592,-91.929726,8/26/25,3.5,17.7,101,9.46,110.3,7.89,0.65,315,9.23
7,1,46.68592,-91.929726,8/26/25,4,17.7,101,9.46,110.4,7.89,0.65,315.7,6.94
7,1,46.68592,-91.929726,8/26/25,4.5,17.7,101,9.46,110.4,7.88,0.7,314.6,4.38
7,1,46.68592,-91.929726,8/26/25,5,17.7,101.1,9.47,110.4,7.9,0.73,319.9,3.38
7,1,46.68592,-91.929726,8/26/25,6,,,,,,,,
7,1,46.68592,-91.929726,8/26/25,7,,,,,,,,
7,3,46.7,-91.78334,8/26/25,0.1,18.9,102.1,9.33,107.1,7.91,0.41,1735,1150
7,3,46.7,-91.78334,8/26/25,0.5,18.9,102,9.33,107.1,7.9,0.42,1688,1430
7,3,46.7,-91.78334,8/26/25,1,18.6,101.4,9.33,107.9,7.91,0.73,1684,1027
7,3,46.7,-91.78334,8/26/25,1.5,18.5,101.4,9.35,109.1,7.92,1.12,1663,357.9
7,3,46.7,-91.78334,8/26/25,2,18.5,101.4,9.35,110.1,7.94,1.35,1666,250.1
7,3,46.7,-91.78334,8/26/25,2.5,18.4,102.2,9.43,111.7,8,3.44,1666,245.1
7,3,46.7,-91.78334,8/26/25,3,18.3,102.9,9.52,111.6,8.05,3.29,1661,136.6
7,3,46.7,-91.78334,8/26/25,3.5,,,,,,,,
7,3,46.7,-91.78334,8/26/25,4,,,,,,,,
7,3,46.7,-91.78334,8/26/25,4.5,,,,,,,,
7,3,46.7,-91.78334,8/26/25,5,,,,,,,,
7,3,46.7,-91.78334,8/26/25,6,,,,,,,,
7,3,46.7,-91.78334,8/26/25,7,,,,,,,,
7,6,46.7486,-91.618065,8/26/25,0.1,19,101.5,9.27,108.1,7.91,1.48,1639,1259
7,6,46.7486,-91.618065,8/26/25,0.5,18.9,100.7,9.2,108.2,7.92,1.48,1641,594.8
7,6,46.7486,-91.618065,8/26/25,1,18.9,100.7,9.2,108.1,7.91,1.51,1650,584.3
7,6,46.7486,-91.618065,8/26/25,1.5,18.9,100.5,9.2,108.3,7.91,1.61,1643,377.3
7,6,46.7486,-91.618065,8/26/25,2,18.8,100.4,9.2,108.3,7.91,1.58,1618,245
7,6,46.7486,-91.618065,8/26/25,2.5,18.7,100.3,9.2,108.5,7.91,1.81,1675,163
7,6,46.7486,-91.618065,8/26/25,3,18.7,100.3,9.21,108.7,7.91,1.96,1627,111.5
7,6,46.7486,-91.618065,8/26/25,3.5,18.7,100.4,9.21,109.5,7.92,3.31,1627,69.7
7,6,46.7486,-91.618065,8/26/25,4,18.6,100.7,9.26,110.4,7.96,4.49,1638,41.97
7,6,46.7486,-91.618065,8/26/25,4.5,,,,,,,,
7,6,46.7486,-91.618065,8/26/25,5,,,,,,,,
7,6,46.7486,-91.618065,8/26/25,6,,,,,,,,
7,6,46.7486,-91.618065,8/26/25,7,,,,,,,,
7,7,10052505,-91.571304,8/26/25,0.1,18.5,101.1,9.32,112.5,7.99,5.91,1615,1020
7,7,10052505,-91.571304,8/26/25,0.5,18.4,100.3,9.27,112.6,7.96,5.98,1586,429.2
7,7,10052505,-91.571304,8/26/25,1,18.4,100.4,9.28,112.9,7.97,6.33,1616,142.8
7,7,10052505,-91.571304,8/26/25,1.5,18.4,100.5,9.29,113,7.98,6.38,1598,53.24
7,7,10052505,-91.571304,8/26/25,2,,,,,,,,
7,7,10052505,-91.571304,8/26/25,2.5,,,,,,,,
7,7,10052505,-91.571304,8/26/25,3,,,,,,,,
7,7,10052505,-91.571304,8/26/25,3.5,,,,,,,,
7,7,10052505,-91.571304,8/26/25,4,,,,,,,,
7,7,10052505,-91.571304,8/26/25,4.5,,,,,,,,
7,7,10052505,-91.571304,8/26/25,5,,,,,,,,
7,7,10052505,-91.571304,8/26/25,6,,,,,,,,
7,7,10052505,-91.571304,8/26/25,7,,,,,,,,
7,8,10052587,-91.48382,8/26/25,0.1,19,100.3,9.15,108.2,7.87,1.98,1606,1026
7,8,10052587,-91.48382,8/26/25,0.5,18.9,100.1,9.14,108.2,7.87,2.03,1621,638
7,8,10052587,-91.48382,8/26/25,1,18.8,99.7,9.12,108.2,7.88,2.03,1589,375.3
7,8,10052587,-91.48382,8/26/25,1.5,18.8,99.6,9.12,108.2,7.88,2.1,1569,224.7
7,8,10052587,-91.48382,8/26/25,2,18.7,99.4,9.12,108.3,7.88,2.23,1541,162.3
7,8,10052587,-91.48382,8/26/25,2.5,18.6,99.3,9.12,108.6,7.88,2.47,1643,92.65
7,8,10052587,-91.48382,8/26/25,3,18.4,98.8,9.13,110.9,7.9,4.77,1564,53.56
7,8,10052587,-91.48382,8/26/25,3.5,18.1,98.4,9.15,117.4,7.92,7.94,1660,34.68
7,8,10052587,-91.48382,8/26/25,3.9,17.9,98.9,9.23,121.7,7.97,10.46,1549,15.26
7,8,10052587,-91.48382,8/26/25,4.5,,,,,,,,
7,8,10052587,-91.48382,8/26/25,5,,,,,,,,
7,8,10052587,-91.48382,8/26/25,6,,,,,,,,
7,8,10052587,-91.48382,8/26/25,7,,,,,,,,
7,9,10052510,-91.37061,8/26/25,0.1,18.5,101.3,9.33,106.2,7.91,1.23,1153,841
7,9,10052510,-91.37061,8/26/25,0.5,18.5,101.1,9.31,106.2,7.91,1.19,1233,720
7,9,10052510,-91.37061,8/26/25,1,18.5,100.8,9.29,106.1,7.92,1.21,1211,413.5
7,9,10052510,-91.37061,8/26/25,1.5,18.5,100.7,9.28,106.1,7.92,1.23,1189,256.5
7,9,10052510,-91.37061,8/26/25,2,18.5,100.5,9.27,106.1,7.91,1.17,1150,211.6
7,9,10052510,-91.37061,8/26/25,2.5,18.5,100.4,9.26,106.1,7.91,1.2,1254,141.8
7,9,10052510,-91.37061,8/26/25,3,18.4,100.3,9.26,106,7.91,1.17,1351,93
7,9,10052510,-91.37061,8/26/25,3.5,18.4,100.2,9.25,106,7.91,1.14,1203,62.06
7,9,10052510,-91.37061,8/26/25,4,18.4,100.1,9.25,106,7.91,1.11,1182,41.43
7,9,10052510,-91.37061,8/26/25,4.5,18.4,100,9.25,106,7.91,1.12,1212,31.62
7,9,10052510,-91.37061,8/26/25,5,18.3,99.9,9.25,106,7.9,1.14,1197,21.9
7,9,10052510,-91.37061,8/26/25,6,18.3,99.8,9.25,106.2,7.9,1.12,1281,16.7
7,9,10052510,-91.37061,8/26/25,6.5,18.2,99.5,9.23,106.3,7.91,1.9,1180,12.74
7,12,10038057,-91.22806,8/26/25,0.1,18,101.1,9.41,104,7.79,0.33,810.5,431.7
7,12,10038057,-91.22806,8/26/25,0.5,18.1,101.2,9.41,104,7.77,0.38,727.9,393.3
7,12,10038057,-91.22806,8/26/25,1,18.1,101.1,9.4,104,7.75,0.37,811,159.2
7,12,10038057,-91.22806,8/26/25,1.5,18.1,101.1,9.4,104.1,7.77,0.37,747.1,174.6
7,12,10038057,-91.22806,8/26/25,2,18,101.1,9.4,104,7.75,0.38,879.8,123.6
7,12,10038057,-91.22806,8/26/25,2.5,18,101,9.4,104,7.78,0.37,879.6,92.95
7,12,10038057,-91.22806,8/26/25,3,18,101,9.4,104.1,7.75,0.35,800.6,85.04
7,12,10038057,-91.22806,8/26/25,3.5,18.1,101.1,9.4,104,7.74,0.38,730.5,68.18
7,12,10038057,-91.22806,8/26/25,4,18,101.1,9.4,104.1,7.77,0.72,633,53.44
7,12,10038057,-91.22806,8/26/25,4.5,,,,,,,,
7,12,10038057,-91.22806,8/26/25,5,,,,,,,,
7,12,10038057,-91.22806,8/26/25,6,,,,,,,,
7,12,10038057,-91.22806,8/26/25,7,,,,,,,,
8,1,46.68592,-91.929726,9/10/25,0.1,16.2,101.3,9.79,102.8,8.01,0.84,662.8,394.5
8,1,46.68592,-91.929726,9/10/25,0.5,16.2,101.2,9.78,102.8,8.01,0.86,663.3,316.7
8,1,46.68592,-91.929726,9/10/25,1,16.2,101.2,9.78,102.8,8.01,0.82,662.3,215.5
8,1,46.68592,-91.929726,9/10/25,1.5,16.2,101.2,9.79,102.8,8.01,0.86,661.7,149.8
8,1,46.68592,-91.929726,9/10/25,2,16.1,101,9.78,102.8,8.01,0.85,660.2,110.8
8,1,46.68592,-91.929726,9/10/25,2.5,16,100.9,9.8,102.9,8.01,0.65,659.4,95.48
8,1,46.68592,-91.929726,9/10/25,3,15.9,100.9,9.82,102.9,8,0.57,657.9,75.88
8,1,46.68592,-91.929726,9/10/25,3.5,15.8,100.9,9.83,103,8,0.58,656.5,64.5
8,1,46.68592,-91.929726,9/10/25,4,15.7,100.8,9.84,103,7.99,0.61,653.8,58.06
8,1,46.68592,-91.929726,9/10/25,4.5,15.3,100.1,9.87,103.6,7.98,0.51,652.5,59.32
8,1,46.68592,-91.929726,9/10/25,5,14.7,100.4,10.01,104.7,7.96,0.53,650.9,51.23
8,1,46.68592,-91.929726,9/10/25,6.7,,,,,,,644.1,32.02
8,1,46.68592,-91.929726,9/10/25,7,,,,,,,,
8,3,46.7,-91.78334,9/10/25,0.1,15.6,100.9,9.87,104,7.93,6.34,669.4,332.5
8,3,46.7,-91.78334,9/10/25,0.5,15.6,100.6,9.84,104,7.91,6.32,666.1,212.6
8,3,46.7,-91.78334,9/10/25,1,15.5,100.3,9.84,103.9,7.9,6.06,662.2,117.6
8,3,46.7,-91.78334,9/10/25,1.5,15.4,100.3,9.87,103.9,7.89,6.17,659.7,82.56
8,3,46.7,-91.78334,9/10/25,2,15.3,100.3,9.88,103.9,7.88,6.06,656.8,55.34
8,3,46.7,-91.78334,9/10/25,2.5,14.7,99.9,9.96,103.8,7.86,4.91,654.3,41.23
8,3,46.7,-91.78334,9/10/25,3,13.6,101.3,10.36,103.2,7.78,6.34,651.4,16.96
8,3,46.7,-91.78334,9/10/25,3.5,,,,,,,,
8,3,46.7,-91.78334,9/10/25,4,,,,,,,,
8,3,46.7,-91.78334,9/10/25,4.5,,,,,,,,
8,3,46.7,-91.78334,9/10/25,5,,,,,,,,
8,3,46.7,-91.78334,9/10/25,6,,,,,,,,
8,3,46.7,-91.78334,9/10/25,7,,,,,,,,
8,6,46.7486,-91.618065,9/10/25,0.1,15.5,,,103.7,8,2.53,996.6,436.2
8,6,46.7486,-91.618065,9/10/25,0.5,15.5,,,103.8,8,3.07,994.8,338.3
8,6,46.7486,-91.618065,9/10/25,1,15.4,,,103.8,7.99,2.95,998.3,258.6
8,6,46.7486,-91.618065,9/10/25,1.5,15.3,,,104.2,7.99,2.96,991.6,172.2
8,6,46.7486,-91.618065,9/10/25,2,15.1,,,106.8,7.97,3.46,980.8,131.3
8,6,46.7486,-91.618065,9/10/25,2.5,14.7,,,102.5,7.98,2.12,972.7,95.18
8,6,46.7486,-91.618065,9/10/25,3,14.4,,,101.8,7.99,1.57,966.3,72.86
8,6,46.7486,-91.618065,9/10/25,3.5,13.8,,,101.9,7.94,1,955,58.24
8,6,46.7486,-91.618065,9/10/25,4,13,,,105.8,7.86,2.69,946.2,53.24
8,6,46.7486,-91.618065,9/10/25,4.5,13.1,,,105.6,7.83,2.44,886.1,22.12
8,6,46.7486,-91.618065,9/10/25,5,12.8,,,106.3,7.82,2.56,882,18.77
8,6,46.7486,-91.618065,9/10/25,6,10.6,,,106.4,7.77,2.33,876.2,17.26
8,6,46.7486,-91.618065,9/10/25,7,,,,,,,,
8,7,10052505,-91.571304,9/10/25,0.1,14.3,,,101.2,8.06,1.97,652.2,434
8,7,10052505,-91.571304,9/10/25,0.5,14.3,,,101.2,8.06,1.74,631.1,334.7
8,7,10052505,-91.571304,9/10/25,1,14.3,,,101.2,8.05,1.75,645.2,265.2
8,7,10052505,-91.571304,9/10/25,1.5,14.3,,,101.2,8.06,1.81,597.4,204
8,7,10052505,-91.571304,9/10/25,2,14.3,,,101.2,8.07,1.77,596.9,161.7
8,7,10052505,-91.571304,9/10/25,2.5,,,,,,,634.8,112.5
8,7,10052505,-91.571304,9/10/25,3,,,,,,,,
8,7,10052505,-91.571304,9/10/25,3.5,,,,,,,,
8,7,10052505,-91.571304,9/10/25,4,,,,,,,,
8,7,10052505,-91.571304,9/10/25,4.5,,,,,,,,
8,7,10052505,-91.571304,9/10/25,5,,,,,,,,
8,7,10052505,-91.571304,9/10/25,6,,,,,,,,
8,7,10052505,-91.571304,9/10/25,7,,,,,,,,
8,8,10052587,-91.48382,9/10/25,0.1,14.7,,,101,7.87,0.38,651.8,194
8,8,10052587,-91.48382,9/10/25,0.5,14.6,102.6,10.27,102.6,7.91,0.44,653.3,154.1
8,8,10052587,-91.48382,9/10/25,1,14.6,101.3,10.14,101.3,7.91,0.5,655.4,156.7
8,8,10052587,-91.48382,9/10/25,1.5,14.6,101.5,10.16,101.5,7.91,0.52,658.9,140
8,8,10052587,-91.48382,9/10/25,2,14.6,101.2,10.12,101,7.92,0.56,656.6,136.1
8,8,10052587,-91.48382,9/10/25,2.5,14.6,101.3,10.14,101,7.92,0.53,657.7,113.9
8,8,10052587,-91.48382,9/10/25,3,14.6,101.3,10.14,101,7.92,0.49,657.9,101.5
8,8,10052587,-91.48382,9/10/25,3.5,14.6,101.7,10.18,101,7.92,0.53,657.7,92.92
8,8,10052587,-91.48382,9/10/25,4,14.6,101.6,10.18,101,7.93,0.7,661.1,80.01
8,8,10052587,-91.48382,9/10/25,4.5,,,,,,,664.4,58.09
8,8,10052587,-91.48382,9/10/25,5,,,,,,,,
8,8,10052587,-91.48382,9/10/25,6,,,,,,,,
8,8,10052587,-91.48382,9/10/25,7,,,,,,,,
8,9,10052510,-91.37061,9/10/25,0.1,15.5,99.6,9.79,101.6,7.88,0.11,397.7,220.2
8,9,10052510,-91.37061,9/10/25,0.5,15.4,99.9,9.81,101.6,7.9,0.04,408.1,211.4
8,9,10052510,-91.37061,9/10/25,1,15.4,99.9,9.82,101.6,7.92,0.14,405.4,202.3
8,9,10052510,-91.37061,9/10/25,1.5,15.4,100.1,9.85,101.6,7.91,0.11,406.3,149.4
8,9,10052510,-91.37061,9/10/25,2,15.4,100.1,9.85,101.6,7.92,0.12,402.7,118.7
8,9,10052510,-91.37061,9/10/25,2.5,15.4,100,9.85,101.6,7.92,0.14,401.1,101
8,9,10052510,-91.37061,9/10/25,3,15.4,99.9,9.83,101.6,7.92,0.13,397.8,87.69
8,9,10052510,-91.37061,9/10/25,3.5,15.2,99.5,9.82,101.7,7.91,0.09,397.4,76.76
8,9,10052510,-91.37061,9/10/25,4,15.1,99.6,9.85,101.8,7.9,0.15,364.6,74.55
8,9,10052510,-91.37061,9/10/25,4.5,15.1,100.5,9.95,101.9,7.91,0.16,394.4,66.95
8,9,10052510,-91.37061,9/10/25,5,15,99.5,9.87,101.9,7.9,0.18,391.3,54.37
8,9,10052510,-91.37061,9/10/25,6,14.3,100.6,10.12,101.5,7.89,2.37,386.6,50.46
8,9,10052510,-91.37061,9/10/25,6.4,14.3,101,10.17,101.5,7.9,5.22,392.5,43.34
8,12,10038057,-91.22806,9/10/25,0.1,15.4,99.8,9.81,101,7.96,-0.16,345.4,258.5
8,12,10038057,-91.22806,9/10/25,0.5,15.5,100.1,9.84,101,7.96,-0.07,321.4,294.8
8,12,10038057,-91.22806,9/10/25,1,15.4,100.4,9.87,101,7.94,-0.08,319.1,314.4
8,12,10038057,-91.22806,9/10/25,1.5,15.4,100.5,9.88,101,7.91,-0.09,325.1,259.5
8,12,10038057,-91.22806,9/10/25,2,15.3,100.5,9.89,101,7.9,-0.15,317.7,0.1064
8,12,10038057,-91.22806,9/10/25,2.5,15.3,100.6,9.91,100.9,7.89,-0.1,307,47
8,12,10038057,-91.22806,9/10/25,3,15.3,100.6,9.91,101,7.9,-0.07,310,90.11
8,12,10038057,-91.22806,9/10/25,3.5,15.2,100.3,9.91,101,7.9,-0.07,317.7,83.44
8,12,10038057,-91.22806,9/10/25,4,14.6,101,10.09,100.9,7.88,0.64,315,73.86
8,12,10038057,-91.22806,9/10/25,4.5,,,,,,,348.3,79.1
8,12,10038057,-91.22806,9/10/25,5,,,,,,,,
8,12,10038057,-91.22806,9/10/25,6,,,,,,,,
8,12,10038057,-91.22806,9/10/25,7,,,,,,,,
9,1,46.68592,-91.929726,9/16/25,0.1,,,,,,,1483,732.5
9,1,46.68592,-91.929726,9/16/25,0.5,,,,,,,1584,93.54
9,1,46.68592,-91.929726,9/16/25,1,,,,,,,1515,13.5
9,1,46.68592,-91.929726,9/16/25,1.5,,,,,,,1484,1.913
9,1,46.68592,-91.929726,9/16/25,2,,,,,,,1383,0.7455
9,1,46.68592,-91.929726,9/16/25,2.5,,,,,,,1525,0.5829
9,1,46.68592,-91.929726,9/16/25,3,,,,,,,1509,0.5289
9,1,46.68592,-91.929726,9/16/25,3.5,,,,,,,1463,0.4883
9,1,46.68592,-91.929726,9/16/25,4,,,,,,,1436,0.4985
9,1,46.68592,-91.929726,9/16/25,4.5,,,,,,,1539,0.4883
9,1,46.68592,-91.929726,9/16/25,5,,,,,,,1468,0.5069
9,1,46.68592,-91.929726,9/16/25,6,,,,,,,,
9,1,46.68592,-91.929726,9/16/25,7,,,,,,,,
9,3,46.7,-91.78334,9/16/25,0.1,,,,,,,1554,1169
9,3,46.7,-91.78334,9/16/25,0.5,,,,,,,1460,506.2
9,3,46.7,-91.78334,9/16/25,1,,,,,,,1510,160.7
9,3,46.7,-91.78334,9/16/25,1.5,,,,,,,1522,60.95
9,3,46.7,-91.78334,9/16/25,2,,,,,,,1518,27.67
9,3,46.7,-91.78334,9/16/25,2.5,,,,,,,1572,11.33
9,3,46.7,-91.78334,9/16/25,3,,,,,,,1616,5.52
9,3,46.7,-91.78334,9/16/25,3.5,,,,,,,1474,3.832
9,3,46.7,-91.78334,9/16/25,4,,,,,,,,
9,3,46.7,-91.78334,9/16/25,4.5,,,,,,,,
9,3,46.7,-91.78334,9/16/25,5,,,,,,,,
9,3,46.7,-91.78334,9/16/25,6,,,,,,,,
9,3,46.7,-91.78334,9/16/25,7,,,,,,,,
9,6,46.7486,-91.618065,9/16/25,0.1,,,,,,,1412,1103
9,6,46.7486,-91.618065,9/16/25,0.5,,,,,,,1390,696.1
9,6,46.7486,-91.618065,9/16/25,1,,,,,,,1377,484.1
9,6,46.7486,-91.618065,9/16/25,1.5,,,,,,,1359,528.2
9,6,46.7486,-91.618065,9/16/25,2,,,,,,,1379,495.4
9,6,46.7486,-91.618065,9/16/25,2.5,,,,,,,1410,244
9,6,46.7486,-91.618065,9/16/25,3,,,,,,,1338,195.1
9,6,46.7486,-91.618065,9/16/25,3.5,,,,,,,1347,149.3
9,6,46.7486,-91.618065,9/16/25,4,,,,,,,1381,113.9
9,6,46.7486,-91.618065,9/16/25,4.5,,,,,,,1381,81.7
9,6,46.7486,-91.618065,9/16/25,5,,,,,,,1353,34.66
9,6,46.7486,-91.618065,9/16/25,6,,,,,,,1369,23.83
9,6,46.7486,-91.618065,9/16/25,7,,,,,,,,
9,7,10052505,-91.571304,9/16/25,0.1,16,,,106.7,7.93,16.15,1300,778.6
9,7,10052505,-91.571304,9/16/25,0.5,15.7,,,106.7,7.95,18.1,1340,346.5
9,7,10052505,-91.571304,9/16/25,1,15.4,,,106.6,7.95,17.68,1423,120.8
9,7,10052505,-91.571304,9/16/25,1.5,15.2,,,106.5,7.95,17.69,1299,54.2
9,7,10052505,-91.571304,9/16/25,2,15.2,,,106.6,7.94,17.75,1370,18.7
9,7,10052505,-91.571304,9/16/25,2.5,,,,,,,,
9,7,10052505,-91.571304,9/16/25,3,,,,,,,,
9,7,10052505,-91.571304,9/16/25,3.5,,,,,,,,
9,7,10052505,-91.571304,9/16/25,4,,,,,,,,
9,7,10052505,-91.571304,9/16/25,4.5,,,,,,,,
9,7,10052505,-91.571304,9/16/25,5,,,,,,,,
9,7,10052505,-91.571304,9/16/25,6,,,,,,,,
9,7,10052505,-91.571304,9/16/25,7,,,,,,,,
9,8,10052587,-91.48382,9/16/25,0.1,15.6,102.6,10.02,117,7.99,2.72,1231,958.4
9,8,10052587,-91.48382,9/16/25,0.5,15.5,103,10.06,117.1,7.99,2.68,1214,974.4
9,8,10052587,-91.48382,9/16/25,1,15.5,109.6,10.72,116.6,7.98,2.88,1225,393.4
9,8,10052587,-91.48382,9/16/25,1.5,15.1,109.6,10.81,105,7.98,0.95,1199,292
9,8,10052587,-91.48382,9/16/25,2,15.1,105.8,10.44,104.1,7.98,0.72,1244,131.1
9,8,10052587,-91.48382,9/16/25,2.5,15,100.1,9.9,102.4,7.97,0.36,1217,10.5
9,8,10052587,-91.48382,9/16/25,3,14.9,99.3,9.84,103.1,7.98,0.91,1246,110.7
9,8,10052587,-91.48382,9/16/25,3.5,14.8,99.3,9.85,103.8,7.96,1.73,1214,86.98
9,8,10052587,-91.48382,9/16/25,4,14.8,99,9.83,104.1,7.96,2.2,1251,71.17
9,8,10052587,-91.48382,9/16/25,4.5,14.8,107.9,10.72,104.1,7.97,5.85,1194,53.41
9,8,10052587,-91.48382,9/16/25,5,,,,,,,,
9,8,10052587,-91.48382,9/16/25,6,,,,,,,,
9,8,10052587,-91.48382,9/16/25,7,,,,,,,,
9,9,10052510,-91.37061,9/16/25,0.1,14.9,110.3,10.93,101.8,7.94,-0.16,1032,806.5
9,9,10052510,-91.37061,9/16/25,0.5,14.8,110.8,11,101.8,7.96,-0.14,1001,672.5
9,9,10052510,-91.37061,9/16/25,1,14.8,110.7,10.98,101.9,7.97,-0.19,984.3,280.6
9,9,10052510,-91.37061,9/16/25,1.5,14.8,106.5,10.57,101.9,7.98,-0.1,1034,334.5
9,9,10052510,-91.37061,9/16/25,2,14.7,108.9,10.84,101.9,7.96,-0.09,1041,290.5
9,9,10052510,-91.37061,9/16/25,2.5,14.7,104.5,10.4,101.9,7.97,-0.07,1046,209
9,9,10052510,-91.37061,9/16/25,3,14.7,102.7,10.22,101.9,7.97,-0.07,1013,179
9,9,10052510,-91.37061,9/16/25,3.5,14.7,109.6,10.91,101.9,7.97,-0.05,1020,145.1
9,9,10052510,-91.37061,9/16/25,4,14.7,109.4,10.89,101.9,7.97,-0.05,1045,127
9,9,10052510,-91.37061,9/16/25,4.5,14.7,108.7,10.83,102,7.96,-0.09,1027,93.22
9,9,10052510,-91.37061,9/16/25,5,14.6,104.3,10.39,102,7.96,-0.06,1011,92.65
9,9,10052510,-91.37061,9/16/25,6,14.1,103,10.38,102.5,7.95,1.73,1022,76.83
9,9,10052510,-91.37061,9/16/25,7,,,,,,,,
9,12,10038057,-91.22806,9/16/25,0.1,13.4,103.2,10.57,102.7,7.71,0.13,919.3,842
9,12,10038057,-91.22806,9/16/25,0.5,13.4,109.6,11.23,102.7,7.72,0.21,810.7,419.2
9,12,10038057,-91.22806,9/16/25,1,13.4,109.5,11.23,102.7,7.72,0.24,844.1,287.7
9,12,10038057,-91.22806,9/16/25,1.5,13.4,110.3,11.31,102.7,7.72,0.17,748.5,221.2
9,12,10038057,-91.22806,9/16/25,2,13.4,109.4,11.21,102.7,7.68,0.25,804.5,195.4
9,12,10038057,-91.22806,9/16/25,2.5,13.4,106.1,10.87,102.7,7.63,0.21,790.2,200
9,12,10038057,-91.22806,9/16/25,3,13.4,110.6,11.34,102.7,7.61,0.2,779.4,127.5
9,12,10038057,-91.22806,9/16/25,3.5,13.4,110.5,11.33,102.8,7.61,0.31,803.9,121
9,12,10038057,-91.22806,9/16/25,4,,,,,,,815.7,101.9
9,12,10038057,-91.22806,9/16/25,4.5,,,,,,,,
9,12,10038057,-91.22806,9/16/25,5,,,,,,,,
9,12,10038057,-91.22806,9/16/25,6,,,,,,,,
9,12,10038057,-91.22806,9/16/25,7,,,,,,,,
10,1,46.68592,-91.929726,9/29/25,0.1,17.5,100.6,9.43,113.9,7.87,0.27,1919,951.3
10,1,46.68592,-91.929726,9/29/25,0.5,16.7,101.7,9.69,114.1,7.94,0.26,1929,829
10,1,46.68592,-91.929726,9/29/25,1,16.3,100.7,9.68,114.1,7.95,0.29,1922,687.7
10,1,46.68592,-91.929726,9/29/25,1.5,16.3,100.3,9.66,114,7.94,0.27,1925,626.6
10,1,46.68592,-91.929726,9/29/25,2,16.2,99.7,9.6,113.8,7.92,0.27,1928,147.6
10,1,46.68592,-91.929726,9/29/25,2.5,16.2,99.3,9.57,113.8,7.9,0.28,1924,93.22
10,1,46.68592,-91.929726,9/29/25,3,16.2,99,9.55,113.8,7.89,0.28,1912,80.63
10,1,46.68592,-91.929726,9/29/25,3.5,16.2,98.8,9.53,113.9,7.88,0.29,1936,32.21
10,1,46.68592,-91.929726,9/29/25,4,16.2,98.7,9.52,113.9,7.87,0.29,1897,23.11
10,1,46.68592,-91.929726,9/29/25,4.5,16.2,98.2,9.48,114.2,7.86,0.28,1911,17.16
10,1,46.68592,-91.929726,9/29/25,5,,,,,,,,
10,1,46.68592,-91.929726,9/29/25,6,,,,,,,,
10,1,46.68592,-91.929726,9/29/25,7,,,,,,,,
10,3,46.7,-91.78334,9/29/25,0.1,16.8,100.2,9.54,105.9,7.92,0.41,1396,949.9
10,3,46.7,-91.78334,9/29/25,0.5,16.5,99.8,9.56,106.4,7.91,0.46,1392,530.4
10,3,46.7,-91.78334,9/29/25,1,16.4,99.4,9.54,106.6,7.92,0.47,1397,279.5
10,3,46.7,-91.78334,9/29/25,1.5,16.3,99.3,9.55,106.5,7.9,0.47,1403,170.7
10,3,46.7,-91.78334,9/29/25,2,16.3,99.1,9.54,106.4,7.91,0.44,1409,91.48
10,3,46.7,-91.78334,9/29/25,2.5,16.2,99.1,9.55,106.2,7.9,0.42,1401,60.54
10,3,46.7,-91.78334,9/29/25,3,16.2,99.1,9.55,106.2,7.9,0.43,1410,42.92
10,3,46.7,-91.78334,9/29/25,3.5,,,,,,,,
10,3,46.7,-91.78334,9/29/25,4,,,,,,,,
10,3,46.7,-91.78334,9/29/25,4.5,,,,,,,,
10,3,46.7,-91.78334,9/29/25,5,,,,,,,,
10,3,46.7,-91.78334,9/29/25,6,,,,,,,,
10,3,46.7,-91.78334,9/29/25,7,,,,,,,,
10,6,46.7486,-91.618065,9/29/25,0.1,16,101,9.79,106.3,7.91,0.27,1233,568.7
10,6,46.7486,-91.618065,9/29/25,0.5,16.3,100.4,9.67,105.5,7.89,0.24,1230,338.6
10,6,46.7486,-91.618065,9/29/25,1,16.3,100.1,9.65,105.2,7.88,0.22,1241,412.6
10,6,46.7486,-91.618065,9/29/25,1.5,16.1,100.2,9.67,106.2,7.9,0.29,1251,210.3
10,6,46.7486,-91.618065,9/29/25,2,16,100,9.68,106.3,7.92,0.32,1243,151.4
10,6,46.7486,-91.618065,9/29/25,2.5,16,99.8,9.67,106.1,7.92,0.32,1205,104.1
10,6,46.7486,-91.618065,9/29/25,3,16,99.5,9.63,105.9,7.91,0.32,1220,65.37
10,6,46.7486,-91.618065,9/29/25,3.5,16,99.5,9.64,105.7,7.91,0.3,1212,45.99
10,6,46.7486,-91.618065,9/29/25,4,16,99.6,9.66,105.7,7.92,0.29,1199,29.84
10,6,46.7486,-91.618065,9/29/25,4.5,15.9,98.8,9.59,105.8,7.92,0.27,1206,20.85
10,6,46.7486,-91.618065,9/29/25,5,15.8,98.6,9.6,106.1,7.93,0.24,1207,14.63
10,6,46.7486,-91.618065,9/29/25,6,15.3,97.7,9.6,116.6,7.92,0.26,1207,7.739
10,6,46.7486,-91.618065,9/29/25,7,,,,,,,,
10,7,10052505,-91.571304,9/29/25,0.1,16,102,9.88,103.7,7.94,0.1,1264,741.8
10,7,10052505,-91.571304,9/29/25,0.5,16,102,9.89,103.7,7.95,0.1,1236,390.3
10,7,10052505,-91.571304,9/29/25,1,15.9,101.87,9.88,103.6,7.95,0.1,1197,278.8
10,7,10052505,-91.571304,9/29/25,1.5,15.8,101.5,9.87,103,7.94,0.1,1304,179.4
10,7,10052505,-91.571304,9/29/25,2,15.8,101.4,9.87,102.9,7.94,0.1,1353,155.9
10,7,10052505,-91.571304,9/29/25,2.5,15.8,101.5,9.88,102.9,7.93,0.1,1358,132.9
10,7,10052505,-91.571304,9/29/25,3,15.8,101.8,9.91,102.9,7.92,0.1,1234,119.5
10,7,10052505,-91.571304,9/29/25,3.5,,,,,,,,
10,7,10052505,-91.571304,9/29/25,4,,,,,,,,
10,7,10052505,-91.571304,9/29/25,4.5,,,,,,,,
10,7,10052505,-91.571304,9/29/25,5,,,,,,,,
10,7,10052505,-91.571304,9/29/25,6,,,,,,,,
10,7,10052505,-91.571304,9/29/25,7,,,,,,,,
10,8,10052587,-91.48382,9/29/25,0.1,15.3,101.1,9.95,0.8,7.95,0.34,1933,990.7
10,8,10052587,-91.48382,9/29/25,0.5,15.3,102.5,10.09,101.8,7.97,0.04,1950,949.9
10,8,10052587,-91.48382,9/29/25,1,15.2,102.4,10.09,101.5,7.96,0.03,1977,519.1
10,8,10052587,-91.48382,9/29/25,1.5,15,102.6,10.14,100.9,7.96,0.01,1959,511.5
10,8,10052587,-91.48382,9/29/25,2,15,102.7,10.16,100.8,7.96,0.01,1953,365.4
10,8,10052587,-91.48382,9/29/25,2.5,14.8,103.5,10.28,100.3,7.97,0,1959,227.1
10,8,10052587,-91.48382,9/29/25,3,14.9,104.2,10.35,100.5,7.99,0,1920,178.5
10,8,10052587,-91.48382,9/29/25,3.5,14.8,103.5,10.29,100.4,7.98,-0.01,1931,165
10,8,10052587,-91.48382,9/29/25,4,14.8,104,10.34,100.3,7.98,-0.01,1888,152.9
10,8,10052587,-91.48382,9/29/25,4.5,14.8,104.5,10.39,100.2,8.02,0.01,1875,140.9
10,8,10052587,-91.48382,9/29/25,5,,,,,,,,
10,8,10052587,-91.48382,9/29/25,6,,,,,,,,
10,8,10052587,-91.48382,9/29/25,7,,,,,,,,
10,9,10052510,-91.37061,9/29/25,0.1,15.5,100.2,9.81,101.5,7.98,0.2,1185,517
10,9,10052510,-91.37061,9/29/25,0.5,15.4,103.3,10.14,101.3,7.98,0.03,1131,372.6
10,9,10052510,-91.37061,9/29/25,1,15.4,103.4,10.15,101.2,7.97,0.03,1078,338.4
10,9,10052510,-91.37061,9/29/25,1.5,15.4,103.4,10.16,101.3,7.98,0.03,1044,221.7
10,9,10052510,-91.37061,9/29/25,2,15.4,103.6,10.18,101.3,7.99,0.03,1007,207.6
10,9,10052510,-91.37061,9/29/25,2.5,15.4,103.9,10.2,101.3,7.99,0.02,963.5,170.7
10,9,10052510,-91.37061,9/29/25,3,15.3,104,10.21,101.3,7.99,0.02,925.2,129.6
10,9,10052510,-91.37061,9/29/25,3.5,15.3,104,10.22,101.2,7.98,0.02,682,103.7
10,9,10052510,-91.37061,9/29/25,4,15.3,104.1,10.25,101.2,7.97,0.02,845,87.73
10,9,10052510,-91.37061,9/29/25,4.5,15.2,104.3,10.28,100.9,7.97,0.02,815.9,72.17
10,9,10052510,-91.37061,9/29/25,5,15.1,104.6,10.34,100.7,7.96,0.02,805.3,62.38
10,9,10052510,-91.37061,9/29/25,6,15,104.8,10.36,100.7,7.96,0.02,806.6,52.95
10,9,10052510,-91.37061,9/29/25,7,,,,,,,,
10,12,10038057,-91.22806,9/29/25,0.1,15.1,99.2,9.81,100.4,7.84,0.15,1704,333.9
10,12,10038057,-91.22806,9/29/25,0.5,14.9,102.6,10.17,100.5,7.84,0,1713,313.3
10,12,10038057,-91.22806,9/29/25,1,15,103.1,10.22,100.6,7.85,0,1718,465.8
10,12,10038057,-91.22806,9/29/25,1.5,14.9,103.2,10.23,100.6,7.86,0,1765,161.4
10,12,10038057,-91.22806,9/29/25,2,14.9,103.2,10.23,100.6,7.85,0,1624,162.6
10,12,10038057,-91.22806,9/29/25,2.5,14.9,103.4,10.26,100.6,7.84,0,1676,99.42
10,12,10038057,-91.22806,9/29/25,3,14.8,103.2,10.27,100.6,7.84,0,1615,90.41
10,12,10038057,-91.22806,9/29/25,3.5,14.7,103.3,10.28,100.5,7.84,0,1543,90.85
10,12,10038057,-91.22806,9/29/25,4,14.8,103.1,10.26,100.5,7.84,0,1599,83.37
10,12,10038057,-91.22806,9/29/25,4.5,,,,,,,,
10,12,10038057,-91.22806,9/29/25,5,,,,,,,,
10,12,10038057,-91.22806,9/29/25,6,,,,,,,,
10,12,10038057,-91.22806,9/29/25,7,,,,,,,,