date,temp
2011-07-22,17.274125874125875
2011-07-23,16.461111111111112
2011-07-24,14.1375
2011-07-25,15.39375
2011-07-26,15.03888888888889
2011-07-27,15.293055555555556
2011-07-28,15.513194444444444
2011-07-29,16.148951048951048
2011-07-30,17.511347517730496
2011-07-31,17.45985401459854
2011-08-01,18.525
2011-08-02,17.99855072463768
2011-08-03,18.780882352941177
2011-08-04,19.38201438848921
2011-08-05,19.860416666666666
2011-08-06,19.985106382978724
2011-08-07,19.635416666666668
2011-08-08,20.170833333333334
2011-08-09,19.404895104895104
2011-08-10,17.87
2011-08-11,17.392805755395685
2011-08-12,19.54927536231884
2011-08-13,19.744444444444444
2011-08-14,19.926315789473684
2011-08-15,20.926666666666666
2011-08-16,21.155140186915887
2011-08-17,20.063063063063062
2011-08-18,19.5125
2011-08-19,20.2125
2011-08-20,19.958333333333332
2011-08-21,15.991836734693878
2011-08-22,15.590625
2011-08-23,16.88137254901961
2011-08-24,15.292708333333334
2011-08-25,11.642999999999999
2011-08-26,15.317499999999999
2011-08-27,15.894791666666666
2011-08-28,19.03008849557522
2011-08-29,17.510416666666668
2011-08-30,14.785106382978723
2011-08-31,15.004166666666666
2011-09-01,14.659374999999999
2011-09-02,14.233333333333333
2011-09-03,14.846875
2011-09-04,13.91157894736842
2011-09-05,13.138541666666667
2011-09-06,13.185416666666667
2011-09-07,13.815463917525772
2011-09-08,14.321875
2011-09-09,15.343
2011-09-10,16.501052631578947
2011-09-11,16.895876288659792
2011-09-12,16.472916666666666
2011-09-13,11.992708333333333
2011-09-14,11.006060606060606
2011-09-15,10.059375000000001
2011-09-16,10.175757575757576
2011-09-17,10.3875
2011-09-18,10.272164948453609
2011-09-19,10.615841584158416
2011-09-20,11.098425196850394
2011-09-21,10.448453608247423
2011-09-22,9.078125
2011-09-23,9.059183673469388
2011-09-24,9.227083333333333
2011-09-25,9.535051546391752
2011-09-26,9.280208333333333
2011-09-27,9.167391304347825
2011-09-28,10.004040404040405
2011-09-29,10.041666666666666
2011-09-30,9.508000000000001
2011-10-01,9.257731958762887
2011-10-02,8.763917525773197
2011-10-03,8.695959595959597
2011-10-04,9.246875
2011-10-05,9.172916666666666
2011-10-06,9.409375
2011-10-07,9.482291666666667
2011-10-08,9.894791666666666
2011-10-09,10.163541666666667
2011-10-10,10.10531914893617
2011-10-11,10.164583333333333
2011-10-12,10.285294117647059
2011-10-13,10.592372881355931
2011-10-14,10.4232
2011-10-15,9.973958333333334
2011-10-16,10.21919191919192
2011-10-17,10.154639175257731
2011-10-18,9.992929292929293
2011-10-19,9.792727272727273
2011-10-20,9.719999999999999
2011-10-21,9.745544554455446
2011-10-22,9.724468085106382
2011-10-23,9.706930693069307
2011-10-24,9.604166666666666
2011-10-25,9.528125
2011-10-26,9.45
2011-10-27,9.343262411347519
2011-10-28,9.273076923076923
2011-10-29,9.213541666666666
2011-10-30,9.084999999999999
2011-10-31,9.021875
2011-11-01,9.004166666666666
2011-11-02,9
2011-11-03,8.918750000000001
2011-11-04,8.851041666666667
2011-11-05,8.788541666666667
2011-11-06,8.77319587628866
2011-11-07,8.31734693877551
2011-11-08,8.076041666666667
2011-11-09,7.4557142857142855
2012-05-30,7.496551724137931
2012-05-31,7.953658536585366
2012-06-01,9.38706896551724
2012-06-02,9.071666666666667
2012-06-03,10.125833333333333
2012-06-04,10.004273504273504
2012-06-05,9.706666666666667
2012-06-06,10.046666666666667
2012-06-07,12.4825
2012-06-08,14.1375
2012-06-09,13.0125
2012-06-10,13.741258741258742
2012-06-11,13.227941176470589
2012-06-12,10.984166666666667
2012-06-13,11.905042016806723
2012-06-14,11.156198347107438
2012-06-15,10.693076923076923
2012-06-16,11.76
2012-06-17,12.023333333333333
2012-06-18,12.9975
2012-06-19,13.540000000000001
2012-06-20,11.2775
2012-06-21,11.5525
2012-06-22,12.199186991869919
2012-06-23,13.7625
2012-06-24,13.110434782608696
2012-06-25,13.968333333333334
2012-06-26,16.0872
2012-06-27,16.11111111111111
2012-06-28,16.69375
2012-06-29,16.97222222222222
2012-06-30,17.384722222222223
2012-07-01,19.08125
2012-07-02,18.990277777777777
2012-07-03,18.889583333333334
2012-07-04,19.59513888888889
2012-07-05,17.715972222222224
2012-07-06,18.1875
2012-07-07,17.97972027972028
2012-07-08,19.50347222222222
2012-07-09,20.199305555555554
2012-07-10,20.19097222222222
2012-07-11,21.370833333333334
2012-07-12,22.584027777777777
2012-07-13,23.135416666666668
2012-07-14,22.430555555555557
2012-07-15,23.16111111111111
2012-07-16,23.116666666666667
2012-07-17,21.063194444444445
2012-07-18,21.02916666666667
2012-07-19,16.139583333333334
2012-07-20,17.300694444444446
2012-07-21,19.820138888888888
2012-07-22,20.80763888888889
2012-07-23,21.436805555555555
2012-07-24,21.4375
2012-07-25,20.883333333333333
2012-07-26,21.353472222222223
2012-07-27,20.896527777777777
2012-07-28,21.105555555555554
2012-07-29,22.365277777777777
2012-07-30,22.097916666666666
2012-07-31,21.87638888888889
2012-08-01,22.1625
2012-08-02,22.42222222222222
2012-08-03,22.072916666666668
2012-08-04,21.23472222222222
2012-08-05,21.06388888888889
2012-08-06,21.24791666666667
2012-08-07,21.533333333333335
2012-08-08,21.43402777777778
2012-08-09,20.975
2012-08-10,18.62986111111111
2012-08-11,19.564583333333335
2012-08-12,20.67391304347826
2012-08-13,19.741666666666667
2012-08-14,19.013194444444444
2012-08-15,19.759027777777778
2012-08-16,18.01111111111111
2012-08-17,17.627083333333335
2012-08-18,18.644444444444446
2012-08-19,18.196527777777778
2012-08-20,18.53263888888889
2012-08-21,18.533333333333335
2012-08-22,18.641666666666666
2012-08-23,19.219444444444445
2012-08-24,18.733333333333334
2012-08-25,19.238194444444446
2012-08-26,19.650694444444444
2012-08-27,19.150694444444444
2012-08-28,19.571527777777778
2012-08-29,19.15625
2012-08-30,19.50347222222222
2012-08-31,19.749305555555555
2012-09-01,20.04375
2012-09-02,19.7375
2012-09-03,19.777083333333334
2012-09-04,20.215972222222224
2012-09-05,19.83263888888889
2012-09-06,19.63611111111111
2012-09-07,19.647916666666667
2012-09-08,18.927777777777777
2012-09-09,17.848936170212767
2012-09-10,
2012-09-11,
2012-09-12,14.133333333333333
2012-09-13,
2012-09-14,
2012-09-15,
2012-09-16,
2012-09-17,
2012-09-18,
2012-09-19,
2012-09-20,
2012-09-21,
2012-09-22,
2012-09-23,
2012-09-24,
2012-09-25,
2012-09-26,
2012-09-27,
2012-09-28,
2012-09-29,
2012-09-30,
2012-10-01,
2012-10-02,
2012-10-03,
2012-10-04,
2012-10-05,
2012-10-06,
2012-10-07,
2012-10-08,
2012-10-09,
2012-10-10,
2012-10-11,
2012-10-12,
2012-10-13,
2012-10-14,
2012-10-15,
2012-10-16,
2012-10-17,
2012-10-18,
2012-10-19,
2012-10-20,
2012-10-21,
2012-10-22,
2012-10-23,
2012-10-24,
2012-10-25,
2012-10-26,
2012-10-27,
2012-10-28,
2012-10-29,
2012-10-30,
2012-10-31,
2012-11-01,
2012-11-02,
2012-11-03,
2012-11-04,
2012-11-05,
2012-11-06,
2012-11-07,
2012-11-08,
2012-11-09,
2012-11-10,
2012-11-11,
2012-11-12,
2012-11-13,
2013-05-08,1.92
2013-05-09,1.870138888888889
2013-05-10,1.8036231884057972
2013-05-11,2.0729166666666665
2013-05-12,2.046527777777778
2013-05-13,1.9
2013-05-14,1.9041666666666668
2013-05-15,2.245138888888889
2013-05-16,2.33125
2013-05-17,2.582608695652174
2013-05-18,2.795138888888889
2013-05-19,2.7729166666666667
2013-05-20,2.862142857142857
2013-05-21,2.4930555555555554
2013-05-22,2.0618055555555554
2013-05-23,3.9930555555555554
2013-05-24,4.125694444444444
2013-05-25,3.4805555555555556
2013-05-26,3.0145833333333334
2013-05-27,2.6548611111111113
2013-05-28,2.8340277777777776
2013-05-29,2.78125
2013-05-30,2.4097222222222223
2013-05-31,2.486231884057971
2013-06-01,3.125
2013-06-02,3.2604166666666665
2013-06-03,3.2111111111111112
2013-06-04,4.038194444444445
2013-06-05,4.018881118881119
2013-06-06,3.5562500000000004
2013-06-07,3.336111111111111
2013-06-08,3.4520833333333334
2013-06-09,3.6750000000000003
2013-06-10,3.9319444444444445
2013-06-11,5.684722222222223
2013-06-12,7.689583333333333
2013-06-13,8.86736111111111
2013-06-14,7.777083333333334
2013-06-15,7.209027777777778
2013-06-16,7.600694444444445
2013-06-17,5.702083333333333
2013-06-18,6.949999999999999
2013-06-19,7.902777777777778
2013-06-20,8.219444444444445
2013-06-21,6.717361111111111
2013-06-22,6.300694444444445
2013-06-23,6.383333333333334
2013-06-24,7.190972222222222
2013-06-25,9.854861111111111
2013-06-26,9.356944444444444
2013-06-27,9.388194444444444
2013-06-28,9.38125
2013-06-29,9.581944444444444
2013-06-30,12.316666666666666
2013-07-01,10.878985507246377
2013-07-02,10.76388888888889
2013-07-03,13.317361111111111
2013-07-04,13.794444444444444
2013-07-05,13.972916666666666
2013-07-06,14.184027777777779
2013-07-07,11.602777777777778
2013-07-08,9.659027777777778
2013-07-09,9.754861111111111
2013-07-10,10.43661971830986
2013-07-11,12.44375
2013-07-12,12.988888888888889
2013-07-13,13.042553191489361
2013-07-14,12.994444444444445
2013-07-15,14.71736111111111
2013-07-16,15.651388888888889
2013-07-17,17.216666666666665
2013-07-18,18.247407407407408
2013-07-19,17.620833333333334
2013-07-20,16.87152777777778
2013-07-21,15.336805555555555
2013-07-22,12.047916666666667
2013-07-23,12.863888888888889
2013-07-24,14.485416666666666
2013-07-25,16.12361111111111
2013-07-26,13.722916666666666
2013-07-27,12.629861111111111
2013-07-28,12.308333333333334
2013-07-29,12.663194444444445
2013-07-30,14.504166666666666
2013-07-31,15.75625
2013-08-01,14.649305555555555
2013-08-02,14.583333333333334
2013-08-03,15.179166666666667
2013-08-04,15.609027777777778
2013-08-05,16.315277777777776
2013-08-06,16.6125
2013-08-07,16.999305555555555
2013-08-08,16.824305555555554
2013-08-09,16.94236111111111
2013-08-10,17.19097222222222
2013-08-11,18.1875
2013-08-12,18.43263888888889
2013-08-13,17.372916666666665
2013-08-14,18.03472222222222
2013-08-15,19.01597222222222
2013-08-16,19.764583333333334
2013-08-17,19.34861111111111
2013-08-18,18.216666666666665
2013-08-19,18.141666666666666
2013-08-20,20.083333333333332
2013-08-21,20.197222222222223
2013-08-22,20.772535211267606
2013-08-23,21.0890625
2013-08-24,18.95138888888889
2013-08-25,18.84236111111111
2013-08-26,19.461111111111112
2013-08-27,18.774305555555554
2013-08-28,19.18263888888889
2013-08-29,19.209027777777777
2013-08-30,18.678472222222222
2013-08-31,19.264583333333334
2013-09-01,19.219444444444445
2013-09-02,16.277083333333334
2013-09-03,16.372916666666665
2013-09-04,16.46666666666667
2013-09-05,15.647916666666667
2013-09-06,17.904166666666665
2013-09-07,18.683333333333334
2013-09-08,17.852777777777778
2013-09-09,15.766666666666667
2013-09-10,16.384027777777778
2013-09-11,16.331944444444446
2013-09-12,15.759722222222223
2013-09-13,15.677777777777777
2013-09-14,15.478472222222223
2013-09-15,15.123611111111112
2013-09-16,15.231944444444444
2013-09-17,15.221527777777778
2013-09-18,15.153472222222222
2013-09-19,15.081944444444444
2013-09-20,15.121527777777777
2013-09-21,15.027777777777779
2013-09-22,14.54375
2013-09-23,14.270833333333334
2013-09-24,14.002083333333333
2013-09-25,13.3625
2013-09-26,13.38888888888889
2013-09-27,13.176388888888889
2013-09-28,12.803472222222222
2013-09-29,13.356944444444444
2013-09-30,13.54861111111111
2013-10-01,13.881944444444445
2013-10-02,13.808333333333334
2013-10-03,13.630555555555556
2013-10-04,13.097916666666666
2013-10-05,12.836805555555555
2013-10-06,11.76736111111111
2013-10-07,11.333333333333334
2013-10-08,11.330555555555556
2013-10-09,11.745138888888889
2013-10-10,12.355555555555556
2013-10-11,11.874305555555555
2013-10-12,11.444444444444445
2013-10-13,11.575
2013-10-14,11.575
2013-10-15,11.0375
2013-10-16,11.066666666666666
2013-10-17,10.904166666666667
2013-10-18,10.941666666666666
2013-10-19,10.817361111111111
2013-10-20,10.447916666666666
2013-10-21,10.248611111111112
2013-10-22,9.971527777777778
2013-10-23,9.906944444444445
2013-10-24,9.849305555555556
2013-10-25,9.790972222222223
2013-10-26,9.7
2013-10-27,9.69236111111111
2013-10-28,9.436111111111112
2013-10-29,9.226388888888888
2013-10-30,9.104166666666666
2014-06-18,4.5
2014-06-19,4.856435643564357
2014-06-20,4.976811594202898
2014-06-21,5.149305555555556
2014-06-22,6.2749999999999995
2014-06-23,7.129861111111111
2014-06-24,7.997222222222223
2014-06-25,6.752083333333333
2014-06-26,6.825
2014-06-27,6.804285714285714
2014-06-28,7.0881944444444445
2014-06-29,7.690277777777778
2014-06-30,7.716528925619834
2014-07-01,6.674358974358975
2014-07-02,7.195833333333334
2014-07-03,8.766666666666666
2014-07-04,11.79375
2014-07-05,10.956944444444444
2014-07-06,9.684027777777779
2014-07-07,9.114583333333334
2014-07-08,10.058333333333334
2014-07-09,11.011805555555556
2014-07-10,12.297222222222222
2014-07-11,12.625694444444445
2014-07-12,12.917021276595744
2014-07-13,10.913194444444445
2014-07-14,10.070833333333333
2014-07-15,11.110416666666667
2014-07-16,10.565
2014-07-17,12.524305555555555
2014-07-18,13.710833333333333
2014-07-19,12.82638888888889
2014-07-20,12.559027777777779
2014-07-21,13.215833333333334
2014-07-22,12.330555555555556
2014-07-23,11.990209790209791
2014-07-24,12.480833333333333
2014-07-25,13.319444444444445
2014-07-26,13.829166666666667
2014-07-27,13.1
2014-07-28,11.807638888888889
2014-07-29,12.38623188405797
2014-07-30,12.444444444444445
2014-07-31,13.762406015037595
2014-08-01,15.691851851851853
2014-08-02,16.210416666666667
2014-08-03,17.315277777777776
2014-08-04,16.54375
2014-08-05,15.813888888888888
2014-08-06,16.41449275362319
2014-08-07,16.063194444444445
2014-08-08,16.59027777777778
2014-08-09,17.73472222222222
2014-08-10,18.75347222222222
2014-08-11,17.436879432624114
2014-08-12,17.09861111111111
2014-08-13,17.866666666666667
2014-08-14,18.42152777777778
2014-08-15,18.606944444444444
2014-08-16,19.115277777777777
2014-08-17,17.885416666666668
2014-08-18,15.581944444444444
2014-08-19,15.684722222222222
2014-08-20,16.26111111111111
2014-08-21,16.501398601398602
2014-08-22,15.238888888888889
2014-08-23,15.269444444444444
2014-08-24,16.377083333333335
2014-08-25,16.152083333333334
2014-08-26,16.320138888888888
2014-08-27,16.636111111111113
2014-08-28,16.959722222222222
2014-08-29,16.860416666666666
2014-08-30,16.79375
2014-08-31,16.95138888888889
2014-09-01,16.99652777777778
2014-09-02,17.17608695652174
2014-09-03,17.25
2014-09-04,17.48402777777778
2014-09-05,17.271527777777777
2014-09-06,17.19097222222222
2014-09-07,17.22361111111111
2014-09-08,17.28333333333333
2014-09-09,17.445833333333333
2014-09-10,14.686111111111112
2014-09-11,14.263043478260869
2014-09-12,15.242753623188406
2014-09-13,14.36875
2014-09-14,14.056944444444444
2014-09-15,13.190972222222221
2014-09-16,13.4375
2014-09-17,13.509722222222223
2014-09-18,12.979861111111111
2014-09-19,12.93125
2014-09-20,13.072463768115941
2014-09-21,13.169444444444444
2014-09-22,13.031944444444445
2014-09-23,12.856944444444444
2014-09-24,13.5875
2014-09-25,13.432638888888889
2014-09-26,13.848611111111111
2014-09-27,13.797222222222222
2014-09-28,14.241666666666667
2014-09-29,12.721527777777776
2014-09-30,12.180555555555555
2014-10-01,12.402777777777777
2014-10-02,12.325694444444444
2014-10-03,12.147916666666667
2014-10-04,11.552083333333334
2014-10-05,11.485416666666667
2014-10-06,11.3125
2014-10-07,11.161111111111111
2014-10-08,10.981944444444444
2014-10-09,10.855555555555556
2014-10-10,10.684722222222222
2014-10-11,10.6375
2014-10-12,10.638194444444444
2014-10-13,10.564583333333333
2014-10-14,10.585416666666667
2014-10-15,10.726388888888888
2014-10-16,10.588888888888889
2014-10-17,10.210416666666667
2014-10-18,10.26231884057971
2014-10-19,10.217361111111112
2014-10-20,10.229411764705882
2014-10-21,9.989208633093526
2014-10-22,9.832638888888889
2014-10-23,9.891666666666667
2014-10-24,9.82986111111111
2014-10-25,9.224305555555556
2014-10-26,9.427083333333334
2014-10-27,9.149305555555555
2014-10-28,8.884722222222223
2014-10-29,8.78125
2014-10-30,8.688888888888888
2014-10-31,7.854166666666667
2014-11-01,7.810416666666667
2014-11-02,7.5465277777777775
2014-11-03,7.303472222222222
2014-11-04,7.065972222222222
2014-11-05,7.002083333333333
2014-11-06,6.757638888888889
2014-11-07,6.759722222222222
2014-11-08,6.466666666666667
2014-11-09,6.420833333333333
2014-11-10,6.292361111111111
2014-11-11,5.9375
2014-11-12,5.897222222222222
2014-11-13,5.779487179487179
2015-05-18,4.3641509433962264
2015-05-19,3.2513888888888887
2015-05-20,3.5430555555555556
2015-05-21,3.8944444444444444
2015-05-22,4.746527777777778
2015-05-23,5.065972222222222
2015-05-24,5.285416666666666
2015-05-25,5.510416666666667
2015-05-26,6.927972027972028
2015-05-27,5.649305555555555
2015-05-28,4.5062937062937065
2015-05-29,6.540972222222222
2015-05-30,6.638461538461539
2015-05-31,6.618055555555555
2015-06-01,6.279166666666667
2015-06-02,6.382517482517483
2015-06-03,6.663636363636363
2015-06-04,6.727083333333333
2015-06-05,6.793055555555555
2015-06-06,6.365492957746479
2015-06-07,6.772222222222222
2015-06-08,7.770833333333333
2015-06-09,8.380555555555556
2015-06-10,8.613888888888889
2015-06-11,10.2125
2015-06-12,10.8375
2015-06-13,10.190972222222221
2015-06-14,11.014685314685314
2015-06-15,12.880555555555556
2015-06-16,12
2015-06-17,12.931914893617021
2015-06-18,13.59020979020979
2015-06-19,13.25
2015-06-20,13.666433566433566
2015-06-21,14.338888888888889
2015-06-22,14.280281690140844
2015-06-23,13.18881118881119
2015-06-24,14.484722222222222
2015-06-25,13.241258741258742
2015-06-26,13.677777777777777
2015-06-27,16.45138888888889
2015-06-28,18.131944444444446
2015-06-29,17.477083333333333
2015-06-30,16.822222222222223
2015-07-01,16.472027972027973
2015-07-02,16.864583333333332
2015-07-03,17.33706293706294
2015-07-04,17.97986111111111
2015-07-05,17.166901408450705
2015-07-06,17.21736111111111
2015-07-07,16.268055555555556
2015-07-08,17.33076923076923
2015-07-09,19.71875
2015-07-10,19.816666666666666
2015-07-11,22.41748251748252
2015-07-12,21.891489361702128
2015-07-13,19.11388888888889
2015-07-14,19.201408450704225
2015-07-15,17.98125
2015-07-16,18.052083333333332
2015-07-17,17.804895104895106
2015-07-18,19.792361111111113
2015-07-19,18.68611111111111
2015-07-20,18.150000000000002
2015-07-21,18.928671328671328
2015-07-22,20.78611111111111
2015-07-23,20.827083333333334
2015-07-24,21.83943661971831
2015-07-25,21.69097222222222
2015-07-26,23.16111111111111
2015-07-27,25.574305555555554
2015-07-28,23.16923076923077
2015-07-29,17.667832167832167
2015-07-30,10.116783216783217
2015-07-31,9.276388888888889
2015-08-01,9.236805555555556
2015-08-02,11.693006993006993
2015-08-03,10.484722222222222
2015-08-04,10.228671328671329
2015-08-05,14.4125
2015-08-06,13.511111111111111
2015-08-07,11.638461538461538
2015-08-08,11.282517482517482
2015-08-09,11.945833333333335
2015-08-10,14.239160839160839
2015-08-11,14.900694444444444
2015-08-12,15.872222222222222
2015-08-13,15.717361111111112
2015-08-14,15.590277777777777
2015-08-15,16.98951048951049
2015-08-16,17.40833333333333
2015-08-17,16.353146853146853
2015-08-18,15.482517482517483
2015-08-19,10.988636363636363
2015-08-20,10.763194444444444
2015-08-21,11.668055555555556
2015-08-22,12.220833333333333
2015-08-23,11.940972222222221
2015-08-24,10.696527777777778
2015-08-25,9.682517482517483
2015-08-26,11.23125
2015-08-27,13.7006993006993
2015-08-28,13.67902097902098
2015-08-29,13.620833333333334
2015-08-30,14.70486111111111
2015-08-31,16.27202797202797
2015-09-01,17.1006993006993
2015-09-02,17.136805555555554
2015-09-03,15.03125
2015-09-04,14.501398601398602
2015-09-05,14.069444444444445
2015-09-06,14.421527777777778
2015-09-07,16.163636363636364
2015-09-08,16.972027972027973
2015-09-09,15.015384615384615
2015-09-10,14.97972027972028
2015-09-11,14.616783216783217
2015-09-12,14.38125
2015-09-13,14.669014084507042
2015-09-14,15.42361111111111
2015-09-15,15.552777777777777
2015-09-16,15.859440559440559
2015-09-17,16.181944444444444
2015-09-18,15.505594405594406
2015-09-19,14.880555555555556
2015-09-20,13.686805555555555
2015-09-21,13.858041958041959
2015-09-22,13.542361111111111
2015-09-23,12.85944055944056
2015-09-24,11.04890510948905
2015-09-25,11.034751773049646
2015-09-26,11.186524822695036
2015-09-27,12.071942446043165
2015-09-28,13.523776223776224
2015-09-29,12.76978417266187
2015-09-30,12.683687943262411
2015-10-01,12.503496503496503
2015-10-02,12.277777777777779
2015-10-03,12.128472222222221
2015-10-04,12.16875
2015-10-05,12.153472222222222
2015-10-06,12.44513888888889
2015-10-07,12.55625
2015-10-08,12.50763888888889
2015-10-09,12.284027777777778
2015-10-10,12.415972222222223
2015-10-11,12.545833333333334
2015-10-12,12.788194444444445
2015-10-13,12.125
2015-10-14,12.366666666666667
2015-10-15,12.215972222222222
2015-10-16,11.872916666666667
2015-10-17,11.918181818181818
2015-10-18,11.756944444444445
2015-10-19,11.715972222222222
2015-10-20,11.471527777777778
2015-10-21,11.062237762237762
2015-10-22,10.82986111111111
2015-10-23,10.477464788732394
2015-10-24,10.55
2015-10-25,10.404166666666667
2015-10-26,10.461805555555555
2015-10-27,10.358333333333334
2015-10-28,10.363194444444446
2015-10-29,10.404861111111112
2015-10-30,9.947916666666666
2015-10-31,10.031944444444445
2015-11-01,10.310416666666667
2015-11-02,10.54513888888889
2015-11-03,10.695138888888888
2015-11-04,9.908333333333333
2015-11-05,10.05
2016-04-15,2
2016-04-16,2.0145833333333334
2016-04-17,2.1069444444444447
2016-04-18,2.115277777777778
2016-04-19,2.16993006993007
2016-04-20,2.3258741258741256
2016-04-21,2.4763888888888888
2016-04-22,2.46013986013986
2016-04-23,2.40625
2016-04-24,2.384027777777778
2016-04-25,3.2062500000000003
2016-04-26,3.6555555555555554
2016-04-27,2.2
2016-04-28,2.3520833333333333
2016-04-29,3.1166666666666667
2016-04-30,2.9409722222222228
2016-05-01,2.4652777777777777
2016-05-02,3.3472222222222223
2016-05-03,3.2381944444444444
2016-05-04,3.1666666666666665
2016-05-05,3.159504132231405
2016-05-06,3.311888111888112
2016-05-07,3.436111111111111
2016-05-08,3.520138888888889
2016-05-09,3.3720279720279724
2016-05-10,3.5597222222222222
2016-05-11,3.501388888888889
2016-05-12,3.7881944444444446
2016-05-13,3.748611111111111
2016-05-14,3.363888888888889
2016-05-15,3.3138888888888887
2016-05-16,3.4881944444444444
2016-05-17,3.6104166666666666
2016-05-18,3.954861111111111
2016-05-19,4.025
2016-05-20,4.258041958041958
2016-05-21,6.003472222222222
2016-05-22,7.360416666666667
2016-05-23,9.1125
2016-05-24,8.972222222222221
2016-05-25,6.58951048951049
2016-05-26,5.825694444444444
2016-05-27,6.239583333333333
2016-05-28,5.615972222222222
2016-05-29,6.206766917293233
2016-05-30,6.696527777777778
2016-05-31,6.066666666666667
2016-06-01,5.616783216783217
2016-06-02,5.7340277777777775
2016-06-03,6
2016-06-04,5.581944444444445
2016-06-05,6.218055555555556
2016-06-06,6.636805555555555
2016-06-07,6.89375
2016-06-08,7.4319444444444445
2016-06-09,7.545833333333333
2016-06-10,8.297222222222222
2016-06-11,10.246527777777779
2016-06-12,9.725694444444445
2016-06-13,8.6875
2016-06-14,8.686805555555555
2016-06-15,7.818181818181818
2016-06-16,8.528472222222224
2016-06-17,10.325694444444444
2016-06-18,11.196527777777778
2016-06-19,12.996527777777777
2016-06-20,11.06388888888889
2016-06-21,10.129861111111111
2016-06-22,9.283333333333333
2016-06-23,9.831249999999999
2016-06-24,13.559722222222222
2016-06-25,12.57986111111111
2016-06-26,12.221527777777778
2016-06-27,11.377083333333333
2016-06-28,11.952083333333333
2016-06-29,14.222695035460994
2016-06-30,15.210416666666667
2016-07-01,14.582857142857144
2016-07-02,16.15486111111111
2016-07-03,19.551388888888887
2016-07-04,19.167361111111113
2016-07-05,19.43402777777778
2016-07-06,18.191666666666666
2016-07-07,18.652083333333334
2016-07-08,16.064583333333335
2016-07-09,15.284722222222221
2016-07-10,14.73125
2016-07-11,13.847222222222221
2016-07-12,14.04375
2016-07-13,13.160162601626016
2016-07-14,13.048251748251749
2016-07-15,13.797222222222222
2016-07-16,14.899999999999999
2016-07-17,15.334722222222222
2016-07-18,16.725694444444446
2016-07-19,18.410416666666666
2016-07-20,17.256944444444443
2016-07-21,18.182142857142857
2016-07-22,19.70769230769231
2016-07-23,19.777083333333334
2016-07-24,17.84583333333333
2016-07-25,18.424305555555556
2016-07-26,19.96875
2016-07-27,19.59236111111111
2016-07-28,17.506944444444443
2016-07-29,18.08888888888889
2016-07-30,18.82847222222222
2016-07-31,19.52777777777778
2016-08-01,19.791666666666668
2016-08-02,20.425694444444446
2016-08-03,22.304861111111112
2016-08-04,22.422222222222224
2016-08-05,20.610416666666666
2016-08-06,20.273611111111112
2016-08-07,20.84861111111111
2016-08-08,21.71736111111111
2016-08-09,21.281944444444445
2016-08-10,21.246153846153845
2016-08-11,19.161805555555556
2016-08-12,19.94027777777778
2016-08-13,20.141666666666666
2016-08-14,21.058333333333334
2016-08-15,21.428472222222222
2016-08-16,21.497916666666665
2016-08-17,21.825
2016-08-18,22.78611111111111
2016-08-19,22.724305555555556
2016-08-20,22.272222222222222
2016-08-21,20.924305555555556
2016-08-22,20.895833333333332
2016-08-23,20.99861111111111
2016-08-24,21.72013888888889
2016-08-25,20.731944444444444
2016-08-26,19.865972222222222
2016-08-27,20.3875
2016-08-28,20.561805555555555
2016-08-29,20.964583333333334
2016-08-30,21.155555555555555
2016-08-31,20.860416666666666
2016-09-01,20.41875
2016-09-02,20.239583333333332
2016-09-03,20.115277777777777
2016-09-04,19.742361111111112
2016-09-05,19.422916666666666
2016-09-06,20.415972222222223
2016-09-07,20.086713286713287
2016-09-08,19.464583333333334
2016-09-09,19.183333333333334
2016-09-10,18.93402777777778
2016-09-11,18.609285714285715
2016-09-12,18.71527777777778
2016-09-13,18.354545454545455
2016-09-14,17.745833333333334
2016-09-15,17.733333333333334
2016-09-16,18.165972222222223
2016-09-17,17.863194444444446
2016-09-18,17.5875
2016-09-19,17.03472222222222
2016-09-20,15.73263888888889
2016-09-21,15.640277777777778
2016-09-22,15.947916666666668
2016-09-23,15.902777777777779
2016-09-24,15.095833333333333
2016-09-25,16.669444444444444
2016-09-26,15.036805555555556
2016-09-27,13.613888888888889
2016-09-28,13.931944444444444
2016-09-29,14.488194444444444
2016-09-30,14.404166666666667
2016-10-01,14.40909090909091
2016-10-02,14.784027777777778
2016-10-03,14.129166666666666
2016-10-04,13.408333333333333
2016-10-05,13.76923076923077
2016-10-06,14.127083333333333
2016-10-07,13.64861111111111
2016-10-08,13.378472222222223
2016-10-09,13.309722222222222
2016-10-10,13.33125
2016-10-11,13.35625
2016-10-12,13.241666666666667
2016-10-13,12.841666666666667
2016-10-14,12.622222222222222
2016-10-15,12.63125
2016-10-16,12.744444444444445
2016-10-17,12.060416666666667
2016-10-18,11.98041958041958
2016-10-19,12.08611111111111
2016-10-20,12.022222222222222
2016-10-21,11.767857142857142
2016-10-22,11.327777777777778
2016-10-23,11.161805555555555
2016-10-24,11.005555555555556
2016-10-25,11.004424778761063
2017-05-09,5.22972972972973
2017-05-10,3.6380165289256197
2017-05-11,3.8165137614678897
2017-05-12,3.803472222222222
2017-05-13,3.982638888888889
2017-05-14,4.677083333333333
2017-05-15,4.360416666666667
2017-05-16,4.035416666666666
2017-05-17,4.227083333333333
2017-05-18,4.898611111111111
2017-05-19,5.256944444444445
2017-05-20,5.205555555555556
2017-05-21,5.389583333333333
2017-05-22,5.481944444444444
2017-05-23,4.945390070921985
2017-05-24,3.651388888888889
2017-05-25,6.0306569343065695
2017-05-26,6.445833333333334
2017-05-27,7.072916666666667
2017-05-28,8.995833333333334
2017-05-29,7.436805555555556
2017-05-30,5.408333333333333
2017-05-31,4.243356643356643
2017-06-01,6.2853146853146855
2017-06-02,6.825874125874126
2017-06-03,6.681818181818182
2017-06-04,7.643055555555556
2017-06-05,7.272222222222222
2017-06-06,9.391666666666666
2017-06-07,10.70138888888889
2017-06-08,12.397222222222222
2017-06-09,12.870886075949366
2017-06-10,10.675
2017-06-11,10.854166666666666
2017-06-12,11.37361111111111
2017-06-13,10.26223776223776
2017-06-14,8.58611111111111
2017-06-15,9.290277777777778
2017-06-16,9.911111111111111
2017-06-17,11.233333333333333
2017-06-18,11.740972222222222
2017-06-19,11.061805555555555
2017-06-20,10.909722222222221
2017-06-21,11.71111111111111
2017-06-22,10.222222222222223
2017-06-23,12.3125
2017-06-24,11.558333333333334
2017-06-25,10.749305555555555
2017-06-26,10.460416666666667
2017-06-27,11.3822695035461
2017-06-28,11.102797202797204
2017-06-29,9.640972222222222
2017-06-30,10.845833333333333
2017-07-01,11.239583333333334
2017-07-02,12.923741007194245
2017-07-03,14.69225352112676
2017-07-04,13.210416666666667
2017-07-05,14.831944444444444
2017-07-06,15.211111111111112
2017-07-07,14.158333333333333
2017-07-08,14.488194444444444
2017-07-09,15.749305555555555
2017-07-10,15.98611111111111
2017-07-11,18.254166666666666
2017-07-12,13.331249999999999
2017-07-13,11.964583333333334
2017-07-14,12.85763888888889
2017-07-15,14.484027777777778
2017-07-16,13.42986111111111
2017-07-17,13.166666666666666
2017-07-18,14.63125
2017-07-19,15.88125
2017-07-20,16.549305555555556
2017-07-21,18.449305555555554
2017-07-22,15.897916666666667
2017-07-23,15.909027777777778
2017-07-24,16.581944444444446
2017-07-25,17.102083333333333
2017-07-26,17.84236111111111
2017-07-27,19.75625
2017-07-28,18.080555555555556
2017-07-29,19.645833333333332
2017-07-30,20.325694444444444
2017-07-31,21.44097222222222
2017-08-01,20.31597222222222
2017-08-02,18.847916666666666
2017-08-03,18.02777777777778
2017-08-04,17.26875
2017-08-05,17.645833333333332
2017-08-06,18.246853146853148
2017-08-07,18.439583333333335
2017-08-08,18.959722222222222
2017-08-09,19.12361111111111
2017-08-10,18.705555555555556
2017-08-11,18.120833333333334
2017-08-12,19.15277777777778
2017-08-13,19.28041958041958
2017-08-14,18.988194444444442
2017-08-15,19.12013888888889
2017-08-16,18.714583333333334
2017-08-17,17.97083333333333
2017-08-18,18.228472222222223
2017-08-19,18.74652777777778
2017-08-20,19.865972222222222
2017-08-21,19.28472222222222
2017-08-22,18.383333333333333
2017-08-23,18.403472222222224
2017-08-24,18.5125
2017-08-25,18.133333333333333
2017-08-26,17.992361111111112
2017-08-27,18.2375
2017-08-28,18.702777777777776
2017-08-29,19.377777777777776
2017-08-30,19.24513888888889
2017-08-31,18.47361111111111
2017-09-01,17.820138888888888
2017-09-02,17.680555555555557
2017-09-03,17.959722222222222
2017-09-04,17.875
2017-09-05,17.459722222222222
2017-09-06,17.122222222222224
2017-09-07,17.033333333333335
2017-09-08,16.800694444444446
2017-09-09,16.706944444444446
2017-09-10,16.82986111111111
2017-09-11,16.925
2017-09-12,17.272916666666667
2017-09-13,18.843055555555555
2017-09-14,18.13888888888889
2017-09-15,17.51736111111111
2017-09-16,17.20625
2017-09-17,16.95
2017-09-18,16.353472222222223
2017-09-19,16.629166666666666
2017-09-20,16.719444444444445
2017-09-21,16.913888888888888
2017-09-22,16.992361111111112
2017-09-23,17.41111111111111
2017-09-24,17.74861111111111
2017-09-25,17.441666666666666
2017-09-26,16.882517482517482
2017-09-27,16.526760563380282
2017-09-28,16.491666666666667
2017-09-29,16.244444444444444
2017-09-30,16.225694444444446
2017-10-01,16.18402777777778
2017-10-02,16.135416666666668
2017-10-03,16.37152777777778
2017-10-04,15.859027777777778
2017-10-05,15.667361111111111
2017-10-06,15.172142857142857
2017-10-07,14.849305555555555
2017-10-08,14.698591549295774
2017-10-09,14.948251748251748
2017-10-10,14.309027777777779
2017-10-11,14.282638888888888
2017-10-12,14.220833333333333
2017-10-13,14.194444444444445
2017-10-14,14.200694444444444
2017-10-15,13.80486111111111
2017-10-16,13.585416666666667
2017-10-17,13.596527777777778
2017-10-18,13.461111111111112
2017-10-19,13.203472222222222
2017-10-20,13.370833333333334
2017-10-21,13.158333333333333
2017-10-22,13.059722222222222
2017-10-23,12.838888888888889
2017-10-24,12.238888888888889
2017-10-25,11.783333333333333
2017-10-26,11.877083333333333
2017-10-27,9.729166666666666
2017-10-28,8.566666666666666
2017-10-29,8.48611111111111
2017-10-30,8.14236111111111
2017-10-31,7.999305555555555
2017-11-01,7.639130434782609
2018-05-03,2.5395833333333333
2018-05-04,2.095833333333333
2018-05-05,2.2194444444444446
2018-05-06,2.2680555555555557
2018-05-07,2.305109489051095
2018-05-08,2.1277777777777778
2018-05-09,2.4444444444444446
2018-05-10,2.9867132867132864
2018-05-11,2.338888888888889
2018-05-12,2.481818181818182
2018-05-13,3.2381294964028773
2018-05-14,3.4145833333333333
2018-05-15,3.104861111111111
2018-05-16,3.186111111111111
2018-05-17,3.10625
2018-05-18,3.2055555555555553
2018-05-19,3.4659722222222222
2018-05-20,3.5687499999999996
2018-05-21,3.951388888888889
2018-05-22,4.125
2018-05-23,8.914583333333335
2018-05-24,4.922222222222222
2018-05-25,4.472222222222222
2018-05-26,5.740972222222222
2018-05-27,4.336805555555555
2018-05-28,3.202777777777778
2018-05-29,6.306293706293706
2018-05-30,7.345138888888889
2018-05-31,7.229166666666667
2018-06-01,6.616666666666665
2018-06-02,4.855555555555555
2018-06-03,5.253472222222222
2018-06-04,5.347222222222222
2018-06-05,5.511805555555555
2018-06-06,5.741666666666666
2018-06-07,6.68125
2018-06-08,6.813888888888889
2018-06-09,8.45
2018-06-10,7.8381944444444445
2018-06-11,6.576388888888889
2018-06-12,7.492361111111111
2018-06-13,8.270138888888889
2018-06-14,10.30625
2018-06-15,7.5472222222222225
2018-06-16,8.822222222222223
2018-06-17,10.497222222222222
2018-06-18,12.832638888888889
2018-06-19,12.623611111111112
2018-06-20,12.805555555555555
2018-06-21,10.235416666666667
2018-06-22,11.193055555555555
2018-06-23,11.324305555555556
2018-06-24,9.370833333333334
2018-06-25,8.838194444444445
2018-06-26,8.396527777777779
2018-06-27,9.688194444444445
2018-06-28,12.629861111111111
2018-06-29,11.0875
2018-06-30,13.986805555555556
2018-07-01,15.691666666666666
2018-07-02,15.05625
2018-07-03,15.96736111111111
2018-07-04,14.567361111111111
2018-07-05,15.045833333333333
2018-07-06,14.871527777777779
2018-07-07,19.008333333333333
2018-07-08,16.693006993006993
2018-07-09,16.666666666666668
2018-07-10,21.14236111111111
2018-07-11,17.62152777777778
2018-07-12,13.778472222222222
2018-07-13,15.968055555555555
2018-07-14,18.73402777777778
2018-07-15,20.924305555555556
2018-07-16,16.604166666666668
2018-07-17,15.986805555555556
2018-07-18,17.540972222222223
2018-07-19,19.270833333333336
2018-07-20,17.98611111111111
2018-07-21,18.117361111111112
2018-07-22,17.42152777777778
2018-07-23,17.20492957746479
2018-07-24,18.765277777777776
2018-07-25,19.39225352112676
2018-07-26,18.740277777777777
2018-07-27,18.410714285714285
2018-07-28,19.302083333333332
2018-07-29,20.463194444444444
2018-07-30,21.318055555555556
2018-07-31,21.76388888888889
2018-08-01,19.486805555555556
2018-08-02,15.104166666666666
2018-08-03,15.432638888888889
2018-08-04,14.395104895104895
2018-08-05,14.66388888888889
2018-08-06,14.927083333333334
2018-08-07,15.952083333333333
2018-08-08,16.65833333333333
2018-08-09,18.151748251748252
2018-08-10,20.64236111111111
2018-08-11,20.070138888888888
2018-08-12,20.34513888888889
2018-08-13,21.980555555555554
2018-08-14,21.395804195804196
2018-08-15,19.069444444444446
2018-08-16,17.122916666666665
2018-08-17,19.115277777777777
2018-08-18,17.886805555555554
2018-08-19,18.42152777777778
2018-08-20,19.394444444444446
2018-08-21,17.88582089552239
2018-08-22,18.484722222222224
2018-08-23,18.39513888888889
2018-08-24,18.76597222222222
2018-08-25,18.956944444444446
2018-08-26,19.493055555555554
2018-08-27,19.360416666666666
2018-08-28,18.638194444444444
2018-08-29,18.388194444444444
2018-08-30,18.617361111111112
2018-08-31,18.62013888888889
2018-09-01,19.061805555555555
2018-09-02,19.747222222222224
2018-09-03,18.402083333333334
2018-09-04,18.301388888888887
2018-09-05,18.519444444444446
2018-09-06,18.131944444444443
2018-09-07,18.503614457831326
2018-09-08,18
2018-09-09,17.473076923076924
2018-09-10,17.22986111111111
2018-09-11,18.461805555555557
2018-09-12,18.304166666666667
2018-09-13,18.34027777777778
2018-09-14,18.886111111111113
2018-09-15,18.821527777777778
2018-09-16,18.412499999999998
2018-09-17,18.18402777777778
2018-09-18,17.42361111111111
2018-09-19,16.935416666666665
2018-09-20,17.402083333333334
2018-09-21,17.257638888888888
2018-09-22,17.011805555555554
2018-09-23,16.705555555555556
2018-09-24,17.055555555555554
2018-09-25,16.672916666666666
2018-09-26,15.780555555555555
2018-09-27,15.750694444444445
2018-09-28,15.684027777777779
2018-09-29,15.084027777777777
2018-09-30,15.014583333333333
2018-10-01,14.855555555555556
2018-10-02,14.529861111111112
2018-10-03,14.20625
2018-10-04,13.71875
2018-10-05,13.825000000000001
2018-10-06,13.824305555555556
2018-10-07,13.745882352941177
2019-05-21,2.7666666666666666
2019-05-22,2.973611111111111
2019-05-23,3.06875
2019-05-24,2.7951388888888893
2019-05-25,2.790277777777778
2019-05-26,2.9756944444444446
2019-05-27,3.1840277777777777
2019-05-28,4.549305555555555
2019-05-29,5.290277777777778
2019-05-30,3.7402777777777776
2019-05-31,3.8125
2019-06-01,3.854166666666667
2019-06-02,5.461111111111111
2019-06-03,6.174305555555556
2019-06-04,5.51875
2019-06-05,5.732089552238806
2019-06-06,7.596527777777778
2019-06-07,8.178472222222222
2019-06-08,8.522222222222222
2019-06-09,8.432638888888889
2019-06-10,7.079861111111111
2019-06-11,7.756944444444445
2019-06-12,7.83125
2019-06-13,8.986805555555556
2019-06-14,10.780555555555555
2019-06-15,8.245138888888889
2019-06-16,9.001388888888888
2019-06-17,8.845833333333333
2019-06-18,9.263194444444444
2019-06-19,10.588571428571429
2019-06-20,10.3993006993007
2019-06-21,9.260416666666666
2019-06-22,7.697916666666667
2019-06-23,7.780555555555556
2019-06-24,8.335664335664335
2019-06-25,8.218055555555555
2019-06-26,8.95486111111111
2019-06-27,11.093055555555555
2019-06-28,12.612499999999999
2019-06-29,15.411111111111111
2019-06-30,11.57638888888889
2019-07-01,12.034027777777778
2019-07-02,15.185416666666665
2019-07-03,19.537499999999998
2019-07-04,15.478472222222221
2019-07-05,16.35
2019-07-06,16.02777777777778
2019-07-07,14.614583333333334
2019-07-08,15.156944444444445
2019-07-09,15.693055555555556
2019-07-10,15.46111111111111
2019-07-11,16.225694444444446
2019-07-12,18.369444444444444
2019-07-13,19.634722222222223
2019-07-14,19.728472222222223
2019-07-15,18.802777777777777
2019-07-16,19.863888888888887
2019-07-17,20.58125
2019-07-18,18.882638888888888
2019-07-19,20.113194444444446
2019-07-20,20.284027777777776
2019-07-21,19.555555555555557
2019-07-22,18.69861111111111
2019-07-23,16.582638888888887
2019-07-24,17.625694444444445
2019-07-25,19.7125
2019-07-26,18.695804195804197
2019-07-27,18.94375
2019-07-28,19.903472222222224
2019-07-29,18.106944444444444
2019-07-30,17.450694444444444
2019-07-31,19.031468531468533
2019-08-01,19.195833333333333
2019-08-02,19.847916666666666
2019-08-03,19.2875
2019-08-04,19.638461538461538
2019-08-05,20.634722222222223
2019-08-06,20.759722222222223
2019-08-07,21.03006993006993
2019-08-08,19.98263888888889
2019-08-09,17.25
2019-08-10,20.055244755244754
2019-08-11,20.71388888888889
2019-08-12,21.040972222222223
2019-08-13,19.769444444444446
2019-08-14,16.70277777777778
2019-08-15,17.84027777777778
2019-08-16,19.25138888888889
2019-08-17,19.33263888888889
2019-08-18,19.92167832167832
2019-08-19,18.660416666666666
2019-08-20,16.7875
2019-08-21,16.522916666666667
2019-08-22,16.806338028169016
2019-08-23,18.483333333333334
2019-08-24,17.645833333333332
2019-08-25,18.229166666666668
2019-08-26,18.334027777777777
2019-08-27,16.888194444444444
2019-08-28,10.708333333333334
2019-08-29,7.982638888888889
2019-08-30,7.625
2019-08-31,9.202083333333333
2019-09-01,11.597916666666668
2019-09-02,11.030555555555555
2019-09-03,9.878472222222221
2019-09-04,10.577083333333333
2019-09-05,11.302777777777777
2019-09-06,10.705555555555556
2019-09-07,11.321527777777778
2019-09-08,11.067361111111111
2019-09-09,10.588194444444445
2019-09-10,8.953146853146853
2019-09-11,9.64935064935065
2019-09-13,9.704347826086957
2019-09-14,9.647916666666667
2019-09-15,9.852083333333333
2019-09-16,10.536111111111111
2019-09-17,10.625263157894736
2019-09-18,11.141666666666666
2019-09-19,11.715972222222222
2019-09-20,12.641666666666667
2019-09-21,11.80595238095238
2019-09-23,13.06904761904762
2019-09-24,13.301388888888889
2019-09-25,12.947222222222223
2019-09-26,12.46875
2019-09-27,12.428472222222222
2019-09-28,12.123636363636363
2019-09-29,11.945833333333333
2019-09-30,11.636206896551723
2019-10-02,10.792307692307693
2019-10-03,10.823703703703703
2019-10-06,11.24074074074074
2019-10-07,11.213286713286713
2019-10-08,11.115277777777777
2019-10-09,11.094495412844037
2019-10-10,11.164179104477611
2019-10-13,10.821052631578947
2019-10-14,10.624305555555555
2019-10-15,10.43695652173913
2019-10-16,10.25
2019-10-17,10.08939393939394
2019-10-18,10.072916666666666
2019-10-19,10.186805555555555
2019-10-20,10.17986111111111
2019-10-21,10.096078431372549
2019-10-23,8.592857142857142
2019-10-24,8.172727272727272
2019-10-25,8.539759036144579
2019-10-26,8.502083333333333
2019-10-27,8.234027777777778
2019-10-28,7.9625
2019-10-29,7.6
2019-10-30,7.457638888888889
2019-10-31,7.5
2019-11-03,7.052631578947368
2019-11-04,7
2019-11-05,6.8
2019-11-06,6.69468085106383
2019-11-07,6.463013698630137
2019-11-08,6.4
2019-11-10,6.1056603773584905
2019-11-11,5.968421052631579
2019-11-12,5.886363636363637
2019-11-14,5.589189189189189
2019-11-15,5.566265060240964
2019-11-16,5.448888888888889
2019-11-17,5.5
2020-07-23,16.933333333333334
2020-07-24,16.279166666666665
2020-07-25,17.081944444444446
2020-07-26,18.025
2020-07-27,18.00138888888889
2020-07-28,18.20277777777778
2020-07-29,19.586805555555554
2020-07-30,20.644444444444446
2020-07-31,22.338194444444444
2020-08-01,21.919444444444444
2020-08-02,19.596527777777776
2020-08-03,18.939583333333335
2020-08-04,19.059722222222224
2020-08-05,19.50486111111111
2020-08-06,21.049305555555556
2020-08-07,20.779166666666665
2020-08-08,20.01818181818182
2020-08-09,21.63888888888889
2020-08-10,20.70486111111111
2020-08-11,20.134027777777778
2020-08-12,20.522222222222222
2020-08-13,20.70277777777778
2020-08-14,20.230555555555554
2020-08-15,19.635416666666668
2020-08-16,19.672916666666666
2020-08-17,18.90277777777778
2020-08-18,19.02777777777778
2020-08-19,19.464583333333334
2020-08-20,18.601388888888888
2020-08-21,18.252083333333335
2020-08-22,18.924305555555556
2020-08-23,17.272916666666667
2020-08-24,18.72013888888889
2020-08-25,20.156944444444445
2020-08-26,17.852777777777778
2020-08-27,18.257638888888888
2020-08-28,17.940277777777776
2020-08-29,18.158333333333335
2020-08-30,18.0875
2020-08-31,17.8993006993007
2020-09-01,17.709722222222222
2020-09-02,17.49230769230769
2020-09-03,17.221527777777776
2020-09-04,16.875
2020-09-05,16.975694444444443
2020-09-06,17.256944444444446
2020-09-07,16.546527777777776
2020-09-08,16.03472222222222
2020-09-09,15.613194444444444
2020-09-10,15.241666666666667
2020-09-11,15.220833333333333
2020-09-12,15.200694444444444
2020-09-13,15.292361111111111
2020-09-14,15.234722222222222
2020-09-15,14.661111111111111
2020-09-16,14.808333333333334
2020-09-17,13.987499999999999
2020-09-18,14.072222222222223
2020-09-19,13.963888888888889
2020-09-20,13.970138888888888
2020-09-21,13.922916666666667
2020-09-22,14.2375
2020-09-23,15.79861111111111
2020-09-24,13.292361111111111
2020-09-25,11.28888888888889
2020-09-26,12.015277777777778
2020-09-27,12.209722222222222
2020-09-28,11.652083333333334
2020-09-29,11.01875
2020-09-30,10.401388888888889
2020-10-01,9.553472222222222
2020-10-02,9.583333333333334
2020-10-03,9.676388888888889
2020-10-04,9.170833333333333
2020-10-05,8.503521126760564
2020-10-06,9.382307692307693
2020-10-07,9.17279411764706
2020-10-08,8.885416666666666
2020-10-09,9.252083333333333
2020-10-10,9.458333333333334
2020-10-11,8.8
2020-10-12,8.195833333333333
2020-10-13,8.36595744680851
2020-10-14,8.609722222222222
2020-10-15,8.623333333333333
2020-10-16,8.6
2020-10-17,8.424305555555556
2020-10-18,8.280645161290323
2020-10-21,7.7125
2020-10-22,7.653521126760563
2020-10-26,6.908196721311476
2020-10-27,6.757638888888889
2020-10-28,6.747222222222222
2020-10-29,6.664285714285715
2020-10-30,6.66
2020-10-31,6.439583333333333
2020-11-01,6.186111111111111
2020-11-02,6.013636363636364
2020-11-03,6.104651162790698
2020-11-04,6.179577464788732
2020-11-05,6.3180555555555555
2020-11-06,6.739583333333333
2020-11-07,6.320138888888889
2020-11-08,6.286111111111111
2020-11-09,6.408333333333333
2020-11-10,5.798611111111111
2020-11-11,5.8
2020-11-13,5.2
2020-11-14,5.3701388888888895
2020-11-15,5.3
2020-11-17,4.758333333333333
2020-11-18,3.641935483870968
2021-07-13,2.3249999999999997
2021-07-14,2.3430555555555554
2021-07-15,2.3541666666666665
2021-07-16,2.1592000000000002
2021-07-17,2.3006944444444444
2021-07-18,2.357638888888889
2021-07-19,2.44375
2021-07-20,5.95315315315315
2021-07-21,19.368055555555557
2021-07-22,19.325
2021-07-23,18.88125
2021-07-24,19.431944444444444
2021-07-25,19.51875
2021-07-26,20.115277777777777
2021-07-27,19.88888888888889
2021-07-28,19.95625
2021-07-29,20.332638888888887
2021-07-30,20.329166666666666
2021-07-31,20.462237762237763
2021-08-01,20.420833333333334
2021-08-02,20.677083333333332
2021-08-03,20.85972222222222
2021-08-04,21.084027777777777
2021-08-05,21.34027777777778
2021-08-06,21.747916666666665
2021-08-07,20.966666666666665
2021-08-08,15.886805555555556
2021-08-09,19.511805555555554
2021-08-10,20.414583333333333
2021-08-11,20.164583333333333
2021-08-12,19.813194444444445
2021-08-13,19.2
2021-08-14,19.459027777777777
2021-08-15,19.98125
2021-08-16,19.983333333333334
2021-08-17,20.1625
2021-08-18,21.042361111111113
2021-08-19,22.16111111111111
2021-08-20,22.18263888888889
2021-08-21,21.209722222222222
2021-08-22,19.422916666666666
2021-08-23,20.051388888888887
2021-08-24,20.072222222222223
2021-08-25,18.93888888888889
2021-08-26,19.072916666666668
2021-08-27,15.78888888888889
2021-08-28,15.41388888888889
2021-08-29,16.022916666666667
2021-08-30,16.894444444444446
2021-08-31,17.702083333333334
2021-09-01,17.581944444444446
2021-09-02,17.695833333333333
2021-09-03,17.571527777777778
2021-09-04,17.666666666666668
2021-09-05,17.53125
2021-09-06,17.601388888888888
2021-09-07,17.538194444444443
2021-09-08,17.47222222222222
2021-09-09,17.675
2021-09-10,18.48472222222222
2021-09-11,17.98611111111111
2021-09-12,17.88888888888889
2021-09-13,17.820833333333333
2021-09-14,17.602777777777778
2021-09-15,17.685416666666665
2021-09-16,17.647222222222222
2021-09-17,17.577083333333334
2021-09-18,17.492361111111112
2021-09-19,17.70486111111111
2021-09-20,17.933333333333334
2021-09-21,17.513194444444444
2021-09-22,17.37013888888889
2021-09-23,17.395833333333332
2021-09-24,17.175694444444446
2021-09-25,15.91875
2021-09-26,15.120833333333334
2021-09-27,15.109027777777778
2021-09-28,15.971527777777778
2021-09-29,15.984027777777778
2021-09-30,16.009722222222223
2021-10-01,16.211805555555557
2021-10-02,17.085416666666667
2021-10-03,16.033333333333335
2021-10-04,15.877777777777778
2021-10-05,15.434722222222224
2021-10-06,14.499305555555555
2021-10-07,14.29861111111111
2021-10-08,15.592361111111112
2021-10-09,14.901388888888889
2021-10-10,14.456944444444444
2021-10-11,14.915972222222223
2021-10-12,14.96875
2021-10-13,14.750694444444445
2021-10-14,14.475694444444445
2021-10-15,14.11111111111111
2021-10-16,13.909027777777778
2021-10-17,13.61111111111111
2021-10-18,13.656818181818181
2021-10-19,13.915277777777778
2021-10-20,13.627083333333333
2021-10-21,12.614583333333334
2021-10-22,12.742372881355932
2022-06-01,4.75625
2022-06-02,3.6805555555555554
2022-06-03,3.645138888888889
2022-06-04,3.53125
2022-06-05,3.5965277777777778
2022-06-06,3.5368055555555555
2022-06-07,4.187323943661972
2022-06-08,5.038888888888889
2022-06-09,3.7444444444444445
2022-06-10,4.565573770491803
2022-06-11,4.882222222222222
2022-06-12,6.715503875968993
2022-06-13,7.673282442748092
2022-06-14,5.4816
2022-06-15,4.992592592592593
2022-06-16,5.2384615384615385
2022-06-17,6.68796992481203
2022-06-18,6.307874015748031
2022-06-19,5.861194029850746
2022-06-20,9.30241935483871
2022-06-21,9.150847457627119
2022-06-22,8.026356589147287
2022-06-23,10.42520325203252
2022-06-24,10.354330708661417
2022-06-25,9.124409448818897
2022-06-26,8.097727272727273
2022-06-27,6.5
2022-06-28,6.956692913385827
2022-06-29,8.400884955752213
2022-06-30,7.677611940298507
2022-07-01,7.398305084745763
2022-07-02,9.32542372881356
2022-07-03,11.88728813559322
2022-07-04,10.711627906976744
2022-07-05,10.511278195488723
2022-07-06,9.75748031496063
2022-07-07,11.03203125
2022-07-08,8.990076335877863
2022-07-09,9.465853658536586
2022-07-10,11.306923076923077
2022-07-11,12.273015873015872
2022-07-12,12.604511278195488
2022-07-13,11.810084033613444
2022-07-14,12.466393442622952
2022-07-15,13.433333333333334
2022-07-16,16.713740458015266
2022-07-17,15.82846153846154
2022-07-18,16.541463414634148
2022-07-19,16.93170731707317
2022-07-20,14.875373134328358
2022-07-21,14.900746268656716
2022-07-22,14.983064516129032
2022-07-23,15.211111111111112
2022-07-24,15.5875
2022-07-25,13.41965811965812
2022-07-26,13.41842105263158
2022-07-27,12.624166666666667
2022-07-28,10.998507462686568
2022-07-29,11.878448275862068
2022-07-30,12.605
2022-07-31,14.84016393442623
2022-08-01,11.729464285714286
2022-08-02,11.672881355932203
2022-08-03,11.438524590163935
2022-08-04,12.186440677966102
2022-08-05,13.472222222222221
2022-08-06,14.607964601769911
2022-08-07,13.857936507936508
2022-08-08,12.311475409836065
2022-08-09,14.42265625
2022-08-10,15.732330827067669
2022-08-11,15.836290322580645
2022-08-12,15.52936507936508
2022-08-13,13.903649635036496
2022-08-14,14.153125
2022-08-15,14.231538461538461
2022-08-16,14.675757575757576
2022-08-17,15.331007751937985
2022-08-18,15.973770491803279
2022-08-19,16.423622047244095
2022-08-20,16.35
2022-08-21,17.051239669421488
2022-08-22,17.75655737704918
2022-08-23,18.9
2022-08-24,18.636641221374045
2022-08-25,16.375641025641027
2022-08-29,17.526666666666667
2022-08-30,17.176388888888887
2022-08-31,17.36219512195122
2022-09-01,18.64867256637168
2022-09-02,18.745714285714286
2022-09-03,17.60077519379845
2022-09-04,17.254135338345865
2022-09-05,17.056451612903224
2022-09-06,17.16
2022-09-07,17.53543307086614
2022-09-08,17.296923076923076
2022-09-09,17.21132075471698
2022-09-10,17.32654867256637
2022-09-11,17.373228346456692
2022-09-12,17.780530973451327
2022-09-13,17.950833333333332
2022-09-14,16.8484375
2022-09-15,15.875193798449613
2022-09-16,15.776296296296296
2022-09-17,15.461764705882352
2022-09-18,14.962096774193549
2022-09-19,15.792
2022-09-20,16.65740740740741
2022-09-21,16.088148148148147
2022-09-22,15.57089552238806
2022-09-23,15.14245283018868
2022-09-24,15.218103448275862
2022-09-25,15.315322580645162
2022-09-26,15.012142857142857
2022-09-27,14.6784
2022-09-28,14.468461538461538
2022-09-29,14.762595419847328
2022-09-30,14.781578947368422
2022-10-01,14.59504132231405
2022-10-02,14.161157024793388
2022-10-03,14.35725806451613
2022-10-04,14.53716814159292
2022-10-05,14.580188679245284
2022-10-06,14.20495867768595
2022-10-07,13.016666666666667
2022-10-08,12.881102362204725
2022-10-09,13.044642857142858
2022-10-10,13.036206896551723
2022-10-11,13.192307692307692
2022-10-12,13.030434782608696
2022-10-13,12.589230769230769
2022-10-14,12.39846153846154
2022-10-15,12.150359712230216
2022-10-16,11.885401459854014
2022-10-17,11.588888888888889
2022-10-18,11.22720588235294
2022-10-19,10.874380165289256
2023-06-01,9.271527777777777
2023-06-02,9.03125
2023-06-03,9.6375
2023-06-04,11.554861111111112
2023-06-05,9.352083333333335
2023-06-06,6.270138888888889
2023-06-07,6.688194444444444
2023-06-08,6.9743055555555555
2023-06-09,8.335416666666667
2023-06-10,8.909722222222221
2023-06-11,7.727083333333333
2023-06-12,8.791666666666666
2023-06-13,9.30486111111111
2023-06-14,11.4375
2023-06-15,8.875
2023-06-16,9.336805555555555
2023-06-17,10.36736111111111
2023-06-18,10.407638888888888
2023-06-19,10.0625
2023-06-20,10.516666666666667
2023-06-21,11.565972222222223
2023-06-22,13.17361111111111
2023-06-23,14.240972222222222
2023-06-24,13.293055555555556
2023-06-25,9.380555555555556
2023-06-26,9.94963503649635
2023-06-27,11.20625
2023-06-28,10.29513888888889
2023-06-29,11.543055555555554
2023-06-30,12.752083333333333
2023-07-01,15.413888888888888
2023-07-02,14.103472222222223
2023-07-03,14.390277777777778
2023-07-04,15.636805555555556
2023-07-05,16.011805555555554
2023-07-06,16.881944444444443
2023-07-07,17.094444444444445
2023-07-08,16.770138888888887
2023-07-09,16.62638888888889
2023-07-10,17.419444444444444
2023-07-11,17.211111111111112
2023-07-12,17.022222222222222
2023-07-13,17.613888888888887
2023-07-14,18.34027777777778
2023-07-15,18.716666666666665
2023-07-16,17.174305555555556
2023-07-17,13.223611111111111
2023-07-18,14.265277777777778
2023-07-19,15.160416666666666
2023-07-20,15.125
2023-07-21,16.633333333333333
2023-07-22,17.101388888888888
2023-07-23,17.247916666666665
2023-07-24,17.789583333333333
2023-07-25,17.581944444444446
2023-07-26,17.733333333333334
2023-07-27,17.3625
2023-07-28,16.367361111111112
2023-07-29,14.654861111111112
2023-07-30,15.904166666666667
2023-07-31,17.14027777777778
2023-08-01,17.84513888888889
2023-08-02,18.556944444444444
2023-08-03,21.169444444444444
2023-08-04,19.43541666666667
2023-08-05,16.740972222222222
2023-08-06,16.24513888888889
2023-08-07,17.763194444444444
2023-08-08,18.20138888888889
2023-08-09,18.950694444444444
2023-08-10,19.09375
2023-08-11,18.9625
2023-08-12,18.82986111111111
2023-08-13,18.411805555555556
2023-08-14,18.40833333333333
2023-08-15,18.308333333333334
2023-08-16,17.9375
2023-08-17,17.781944444444445
2023-08-18,17.946527777777778
2023-08-19,18.26388888888889
2023-08-20,19.01736111111111
2023-08-21,18.778472222222224
2023-08-22,17.679411764705883
2023-08-23,17.32638888888889
2023-08-24,17.72013888888889
2023-08-25,18.127777777777776
2023-08-26,17.143055555555556
2023-08-27,16.89513888888889
2023-08-28,17.364583333333332
2023-08-29,17.65763888888889
2023-08-30,17.502877697841726
2023-08-31,17.78125
2023-09-01,17.756944444444443
2023-09-02,18.481944444444444
2023-09-03,19.866666666666667
2023-09-04,20.363888888888887
2023-09-05,19.670833333333334
2023-09-06,19.108333333333334
2023-09-07,18.590972222222224
2023-09-08,18.04513888888889
2023-09-09,18.372916666666665
2023-09-10,18.54236111111111
2023-09-11,18.55763888888889
2023-09-12,17.986805555555556
2023-09-13,17.78472222222222
2023-09-14,17.527083333333334
2023-09-15,17.59583333333333
2023-09-16,17.795833333333334
2023-09-17,17.713194444444444
2023-09-18,17.579166666666666
2023-09-19,17.539583333333333
2023-09-20,17.65
2023-09-21,18.158333333333335
2023-09-22,17.740972222222222
2023-09-23,17.456944444444446
2023-09-24,17.365972222222222
2023-09-25,16.95
2023-09-26,16.09136690647482
2023-09-27,16.002777777777776
2023-09-28,15.930555555555555
2023-09-29,16.622916666666665
2023-09-30,16.772916666666667
2023-10-01,16.747222222222224
2023-10-02,16.928472222222222
2023-10-03,17.491666666666667
2023-10-04,17.045833333333334
2023-10-05,16.358333333333334
2023-10-06,15.765277777777778
2023-10-07,15.76875
2023-10-08,15.599305555555556
2023-10-09,15.2125
2023-10-10,14.994444444444444
2023-10-11,14.804166666666667
2023-10-12,14.819444444444445
2023-10-13,14.652777777777777
2023-10-14,13.8875
2023-10-15,14.16875
2023-10-16,13.569444444444445
2023-10-17,13.20138888888889
2023-10-18,13.252777777777778
2023-10-19,13.399305555555555
2023-10-20,13.316666666666666
2023-10-21,13.209722222222222
2023-10-22,13.143055555555556
2023-10-23,12.885416666666668
2023-10-24,13.347916666666666
2023-10-25,13.284027777777778
2023-10-26,12.975
2023-10-27,12.86111111111111
2023-10-28,12.531944444444445
2023-10-29,12.33125
2023-10-30,11.957638888888889
2023-10-31,11.891666666666667
2023-11-01,11.615277777777777
2023-11-02,11.452777777777778
2023-11-03,11.29513888888889
2023-11-04,11.018055555555556
2023-11-05,10.629166666666666
2023-11-06,10.356250000000001
2023-11-07,10.156944444444443
2023-11-08,10.163888888888888
2023-11-09,10.182978723404256
2023-11-10,8.668992248062017
